RUN_ID,BioProject,NCBI_SRA,NCBI_assembly_accession,Bakta_Annotation,PRAM_strain_ID,Alternative_ID,Assembly_contigs_num,Assembly_length_bp,Assembly_N50,Assembly_QC_pass,original_collection,year_of_isolation,date_of_isolation,latitude_of_isolation,longitude_of_isolation,elevation,global_region_of_isolation,country_of_isolation,area_or_nearest_village,agroecological_zone,preceding_crop_common_name,material_of_isolation,tissue_of_isolation,Clade_of_isolation,order_of_isolation,host_genus_of_isolation,host_spp_of_isolation,host_spp_or_variety_of_isolation,host_common_name,plotting_categories,host_phenotype_of_isolation,notes,assigned_phylotype,phylotype_reassigned_by_tree,assigned_sequevar,discrepancies_to_prior_phylotype
RUN0054,PRJNA1196686,SRR31675778,,Available in Zenodo,GMI1000,JS753,155,5654114,88612,no,Deberdt_et_al_2014,1978,,,,,South America,French Guiana,Kourou,,,plant,,Eudicot,Solanales,Solanum,Solanum lycopersicum,,Tomato,Tomato,symptomatic,,I,-,18,unknown
RUN0431,PRJNA1196686,SRR31675349,,Available in Zenodo,06041,,64,5556973,209629,yes,Deberdt_et_al_2014,2006,,,,,South America,French Guiana,Macouria,,,water_irrigation,,Environmental,Environmental,Water,water_irrigation,,,Environmental: Water,,,IIB,IIB,Basal 4NPB,match
RUN0432,PRJNA1196686,SRR31675338,,Available in Zenodo,6039,,61,5556428,255260,yes,Deberdt_et_al_2014,2006,,,,,South America,French Guiana,Macouria,,,water_irrigation,,Environmental,Environmental,Water,water_irrigation,,,Environmental: Water,,,IIB,IIB,Basal 4NPB,match
RUN0433,PRJNA1196686,SRR31675567,,Available in Zenodo,6038,,62,5558925,253813,yes,Deberdt_et_al_2014,2006,,,,,South America,French Guiana,Macouria,,,water_irrigation,,Environmental,Environmental,Water,water_irrigation,,,Environmental: Water,,,IIB,IIB,Basal 4NPB,match
RUN0434,PRJNA1196686,SRR31675556,,Available in Zenodo,06037,,37,5510342,299047,yes,Deberdt_et_al_2014,2006,,,,,South America,French Guiana,Macouria,,,water_irrigation,,Environmental,Environmental,Water,water_irrigation,,,Environmental: Water,,,IIA,IIA,41,match
RUN0435,PRJNA1196686,-,,Available in Zenodo,06036,,,,,no,Deberdt_et_al_2014,2006,,,,,South America,French Guiana,Macouria,,,water_irrigation,,Environmental,Environmental,Water,water_irrigation,,,Environmental: Water,,,IIB,-,4 or 4NPB,unknown
RUN0436,PRJNA1196686,SRR31675689,,Available in Zenodo,06035,,108,5510518,149430,yes,Deberdt_et_al_2014,2006,,,,,South America,French Guiana,Macouria,,,water_irrigation,,Environmental,Environmental,Water,water_irrigation,,,Environmental: Water,,,IIA,IIA,38,match
RUN0437,PRJNA1196686,SRR31675678,,Available in Zenodo,06034,,73,5616018,186378,yes,Deberdt_et_al_2014,2006,,,,,South America,French Guiana,Macouria,,,water_irrigation,,Environmental,Environmental,Water,water_irrigation,,,Environmental: Water,,,IIB,IIA,,discrepancy
RUN0609,PRJNA1196686,SRR31675672,,Available in Zenodo,LNPV32.36,,74,5426698,170706,yes,Deberdt_et_al_2014,,,,,,South America,French Guiana,,,,plant,,Monocot,Zingiberales,Musa,Musa sp.,,,Musa,,,IIB,IIB,4,match
RUN0610,PRJNA1196686,-,,Available in Zenodo,LNPV32.37,,,,,no,Deberdt_et_al_2014,,,,,,South America,French Guiana,,,,plant,,Monocot,Zingiberales,Musa,Musa sp.,,,Musa,,,IIB,-,4,unknown
RUN0611,PRJNA1196686,SRR31675671,,Available in Zenodo,LNPV32.39,,73,5424560,155976,yes,Deberdt_et_al_2014,,,,,,South America,French Guiana,,,,plant,,Monocot,Zingiberales,Musa,Musa sp.,,,Musa,,,IIB,IIB,4,match
RUN0612,PRJNA1196686,SRR31675670,,Available in Zenodo,LNPV32.40,,71,5424226,202735,yes,Deberdt_et_al_2014,,,,,,South America,French Guiana,,,,plant,,Monocot,Zingiberales,Musa,Musa sp.,,,Musa,,,IIB,IIB,4,match
RUN0660,PRJNA1196686,SRR31675669,,Available in Zenodo,LNPV30.75,2006 0261,62,5557880,253812,yes,Deberdt_et_al_2014,2006,,,,,South America,French Guiana,,,,plant,,Eudicot,Solanales,Capsicum,Capsicum annuum,bell,Bell pepper,Other Solanaceae,,,IIB,IIB,Basal 4NPB,match
RUN0661,PRJNA1196686,SRR31675668,,Available in Zenodo,LNPV30.79,2006 0296,80,5425863,139894,yes,Deberdt_et_al_2014,2006,,,,,South America,French Guiana,,,,plant,,Monocot,Zingiberales,Musa,Musa sp.,,,Musa,,,IIB,IIB,4,match
RUN0662,PRJNA1196686,SRR31675667,,Available in Zenodo,LNPV31.10,2006 539,73,5426321,170537,yes,Deberdt_et_al_2014,2006,,,,,South America,French Guiana,,,,plant,,Monocot,Zingiberales,Musa,Musa sp.,,,Musa,,,IIB,IIB,4,match
RUN0665,PRJNA1196686,SRR31675450,,Available in Zenodo,LNPV32.36,2007 1138A,75,5425051,185931,yes,Deberdt_et_al_2014,2007,,,,,South America,French Guiana,,,,plant,,Monocot,Zingiberales,Musa,Musa sp.,,,Musa,,,IIB,IIB,4,match
RUN0666,PRJNA1196686,SRR31675448,,Available in Zenodo,LNPV32.37,2007 1138B,80,5425832,139784,yes,Deberdt_et_al_2014,2007,,,,,South America,French Guiana,,,,plant,,Monocot,Zingiberales,Musa,Musa acuminata x balbisiana AAB,,Plantain,Musa,,"Species listed as Musa sp., host_common_name listed as Plantain, spp changed to Musa acuminata x balbisiana AAB",IIB,IIB,4,match
RUN0667,PRJNA1196686,SRR31675447,,Available in Zenodo,LNPV32.39,2007 1327/1,101,5419264,109547,no,Deberdt_et_al_2014,2007,,,,,South America,French Guiana,,,,plant,,Monocot,Zingiberales,Musa,Musa sp.,,,Musa,,,IIB,-,4 or 4NPB,unknown
RUN0668,PRJNA1196686,SRR31675446,,Available in Zenodo,LNPV32.40,2007 1327/2,74,5425063,165688,yes,Deberdt_et_al_2014,2007,,,,,South America,French Guiana,,,,plant,,Monocot,Zingiberales,Musa,Musa sp.,,,Musa,,,IIB,IIB,4,match
RUN0671,PRJNA1196686,SRR31675445,,Available in Zenodo,CFBP705,,57,5540153,254341,yes,Deberdt_et_al_2014,1968,,,,,South America,French Guiana,Kourou,,,plant,,Eudicot,Solanales,Solanum,Solanum lycopersicum,,Tomato,Tomato,,,IIA,IIA,35,match
RUN1174,PRJNA1196686,SRR31675599,,Available in Zenodo,L2006MA500268/4,06-040,62,5563412,316674,yes,Deberdt_et_al_2014,2006,,,,,South America,French Guiana,Macouria,,,water,,Environmental,Environmental,Water,water,,,Environmental: Water,,,IIB,IIB,Basal 4NPB,match
RUN1331,PRJNA1196686,SRR31675359,,Available in Zenodo,UQRS531,CMIb8365; R203,214,5464918,80466,yes,Deberdt_et_al_2014,,,,,,South America,French Guiana,,,,plant,,Monocot,Zingiberales,Musa,Musa acuminata x balbisiana AAB,,Plantain,Musa,,"Species listed as Musa sp., host_common_name listed as Plantain, spp changed to Musa acuminata x balbisiana AAB",IIA,IIA,6,match
RUN1947,PRJNA1196686,SRR31675358,,Available in Zenodo,E02PO3,,63,5555996,271652,yes,Deberdt_et_al_2014,2011,,,,,South America,French Guiana,Cacao,FG3,Vegetables,plant,,Eudicot,Solanales,Capsicum,Capsicum annuum,bell,Bell pepper,Other Solanaceae,symptomatic,,IIB,IIB,4NPB,match
RUN1948,PRJNA1196686,SRR31675357,,Available in Zenodo,E02PO10,,102,5949701,176941,yes,Deberdt_et_al_2014,2011,,,,,South America,French Guiana,Cacao,FG3,Vegetables,plant,,Eudicot,Solanales,Capsicum,Capsicum annuum,bell,Bell pepper,Other Solanaceae,symptomatic,,I,I,17,match
RUN1949,PRJNA1196686,SRR31675356,,Available in Zenodo,E01A1,,517,6181870,172292,no,Deberdt_et_al_2014,2011,,,,,South America,French Guiana,Macouria,FG2,Fallow,plant,,Eudicot,Solanales,Solanum,Solanum melongena,,Aubergine,Other Solanaceae,symptomatic,"Two areas listed for Régina, two farms sampled in each. ",I,-,17,unknown
RUN1950,PRJNA1196686,SRR31675594,,Available in Zenodo,E01A6,,107,5798845,139136,yes,Deberdt_et_al_2014,2011,,,,,South America,French Guiana,Macouria,FG2,Fallow,plant,,Eudicot,Solanales,Solanum,Solanum melongena,,Aubergine,Other Solanaceae,symptomatic,"Two areas listed for Régina, two farms sampled in each. ",I,I,17,match
RUN1951,PRJNA1196686,SRR31675593,,Available in Zenodo,E03PO3,,73,5581487,216401,yes,Deberdt_et_al_2014,2011,,,,,South America,French Guiana,Montsinery,FG2,Cantaloupe,plant,,Eudicot,Solanales,Capsicum,Capsicum annuum,bell,Bell pepper,Other Solanaceae,symptomatic,,IIB,IIB,Basal 4NPB,match
RUN1952,PRJNA1196686,SRR31675592,,Available in Zenodo,E03PO4,,112,5809142,150204,yes,Deberdt_et_al_2014,2011,,,,,South America,French Guiana,Montsinery,FG2,Cantaloupe,plant,,Eudicot,Solanales,Capsicum,Capsicum annuum,bell,Bell pepper,Other Solanaceae,symptomatic,,I,I,17,match
RUN1953,PRJNA1196686,SRR31675591,,Available in Zenodo,E03PO5,,66,5577713,282919,yes,Deberdt_et_al_2014,2011,,,,,South America,French Guiana,Montsinery,FG2,Cantaloupe,plant,,Eudicot,Solanales,Capsicum,Capsicum annuum,bell,Bell pepper,Other Solanaceae,symptomatic,,IIB,IIB,4NPB,match
RUN1954,PRJNA1196686,SRR31675590,,Available in Zenodo,E03PO8,,116,5961480,157671,yes,Deberdt_et_al_2014,2011,,,,,South America,French Guiana,Montsinery,FG2,Cantaloupe,plant,,Eudicot,Solanales,Capsicum,Capsicum annuum,bell,Bell pepper,Other Solanaceae,symptomatic,,I,I,17,match
RUN1955,PRJNA1196686,SRR31675589,,Available in Zenodo,E04PO2,,123,5705935,129447,yes,Deberdt_et_al_2014,2011,,,,,South America,French Guiana,Montsinery,FG2,Cucumber,plant,,Eudicot,Solanales,Capsicum,Capsicum annuum,bell,Bell pepper,Other Solanaceae,symptomatic,,I,I,18,match
RUN1956,PRJNA1196686,SRR31675588,,Available in Zenodo,E04PO5,,56,5555222,261272,yes,Deberdt_et_al_2014,2011,,,,,South America,French Guiana,Montsinery,FG2,Cucumber,plant,,Eudicot,Solanales,Capsicum,Capsicum annuum,bell,Bell pepper,Other Solanaceae,symptomatic,,IIB,IIB,Basal 4NPB,match
RUN1957,PRJNA1196686,SRR31675587,,Available in Zenodo,E04PO6,,56,5552375,283345,yes,Deberdt_et_al_2014,2011,,,,,South America,French Guiana,Montsinery,FG2,Cucumber,plant,,Eudicot,Solanales,Capsicum,Capsicum annuum,bell,Bell pepper,Other Solanaceae,symptomatic,,IIB,IIB,Basal 4NPB,match
RUN1958,PRJNA1196686,SRR31675586,,Available in Zenodo,E04PO10,,130,5703066,110714,yes,Deberdt_et_al_2014,2011,,,,,South America,French Guiana,Montsinery,FG2,Cucumber,plant,,Eudicot,Solanales,Capsicum,Capsicum annuum,bell,Bell pepper,Other Solanaceae,symptomatic,,I,I,18,match
RUN1959,PRJNA1196686,SRR31675585,,Available in Zenodo,E05T2,,59,5600387,316662,yes,Deberdt_et_al_2014,2011,,,,,South America,French Guiana,Javouhey,FG1,Cabbage,plant,,Eudicot,Solanales,Solanum,Solanum lycopersicum,,Tomato,Tomato,symptomatic,,IIB,IIB,Basal 4NPB,match
RUN1960,PRJNA1196686,SRR31675583,,Available in Zenodo,E05T12,,55,5602147,355456,yes,Deberdt_et_al_2014,2011,,,,,South America,French Guiana,Javouhey,FG1,Cabbage,plant,,Eudicot,Solanales,Solanum,Solanum lycopersicum,,Tomato,Tomato,symptomatic,,IIB,IIB,Basal 4NPB,match
RUN1961,PRJNA1196686,SRR31675582,,Available in Zenodo,E06T3,,52,5711149,312956,yes,Deberdt_et_al_2014,2011,,,,,South America,French Guiana,Mana,FG1,Fallow,plant,,Eudicot,Solanales,Solanum,Solanum lycopersicum,,Tomato,Tomato,symptomatic,,IIA,IIA,41,match
RUN1962,PRJNA1196686,SRR31675581,,Available in Zenodo,E06T4,,75,5701962,261001,yes,Deberdt_et_al_2014,2011,,,,,South America,French Guiana,Mana,FG1,Fallow,plant,,Eudicot,Solanales,Solanum,Solanum lycopersicum,,Tomato,Tomato,symptomatic,,IIA,IIA,41,match
RUN1963,PRJNA1196686,-,,Available in Zenodo,E06T6,,,,,no,Deberdt_et_al_2014,2011,,,,,South America,French Guiana,Mana,FG1,Fallow,plant,,Eudicot,Solanales,Solanum,Solanum lycopersicum,,Tomato,Tomato,symptomatic,,I,-,18,unknown
RUN1964,PRJNA1196686,SRR31675580,,Available in Zenodo,E06T7,,47,5561317,380818,yes,Deberdt_et_al_2014,2011,,,,,South America,French Guiana,Mana,FG1,Fallow,plant,,Eudicot,Solanales,Solanum,Solanum lycopersicum,,Tomato,Tomato,symptomatic,,IIA,IIA,41,match
RUN1965,PRJNA1196686,SRR31675579,,Available in Zenodo,E06T10,,60,5574981,336799,yes,Deberdt_et_al_2014,2011,,,,,South America,French Guiana,Mana,FG1,Fallow,plant,,Eudicot,Solanales,Solanum,Solanum lycopersicum,,Tomato,Tomato,symptomatic,,IIB,IIB,4NPB,match
RUN1966,PRJNA1196686,SRR31675578,,Available in Zenodo,E07A1,,56,5550400,261272,yes,Deberdt_et_al_2014,2011,,,,,South America,French Guiana,Wayabo,FG2,Forest,plant,,Eudicot,Solanales,Solanum,Solanum melongena,,Aubergine,Other Solanaceae,symptomatic,,IIB,IIB,Basal 4NPB,match
RUN1967,PRJNA1196686,SRR31675577,,Available in Zenodo,E07A2,,61,5554204,209716,yes,Deberdt_et_al_2014,2011,,,,,South America,French Guiana,Wayabo,FG2,Forest,plant,,Eudicot,Solanales,Solanum,Solanum melongena,,Aubergine,Other Solanaceae,symptomatic,,IIB,IIB,Basal 4NPB,match
RUN1968,PRJNA1196686,SRR31675576,,Available in Zenodo,E07A3,,71,5578643,236610,yes,Deberdt_et_al_2014,2011,,,,,South America,French Guiana,Wayabo,FG2,Forest,plant,,Eudicot,Solanales,Solanum,Solanum melongena,,Aubergine,Other Solanaceae,symptomatic,,IIB,IIB,4NPB,match
RUN1969,PRJNA1196686,SRR31675575,,Available in Zenodo,E08T1,,83,5734526,349470,yes,Deberdt_et_al_2014,2011,,,,,South America,French Guiana,Matoury,FG3,Tomato,plant,,Eudicot,Solanales,Solanum,Solanum lycopersicum,,Tomato,Tomato,symptomatic,,IIA,IIA,35,match
RUN1970,PRJNA1196686,SRR31675574,,Available in Zenodo,E11PO4,,56,5549976,212379,yes,Deberdt_et_al_2014,2011,,,,,South America,French Guiana,Mana,FG1,Sweet pepper,plant,,Eudicot,Solanales,Capsicum,Capsicum annuum,bell,Bell pepper,Other Solanaceae,symptomatic,,IIB,IIB,Basal 4NPB,match
RUN1971,PRJNA1196686,SRR31675572,,Available in Zenodo,E11PO10,,88,5738345,172414,no,Deberdt_et_al_2014,2011,,,,,South America,French Guiana,Mana,FG1,Sweet pepper,plant,,Eudicot,Solanales,Capsicum,Capsicum annuum,bell,Bell pepper,Other Solanaceae,symptomatic,,I,-,14,unknown
RUN1972,PRJNA1196686,SRR31675571,,Available in Zenodo,E11PO11,,78,5709800,194882,yes,Deberdt_et_al_2014,2011,,,,,South America,French Guiana,Mana,FG1,Sweet pepper,plant,,Eudicot,Solanales,Capsicum,Capsicum annuum,bell,Bell pepper,Other Solanaceae,symptomatic,,I,I,14,match
RUN1973,PRJNA1196686,SRR31675714,,Available in Zenodo,E11PO12,,64,5576058,255545,yes,Deberdt_et_al_2014,2011,,,,,South America,French Guiana,Mana,FG1,Sweet pepper,plant,,Eudicot,Solanales,Capsicum,Capsicum annuum,bell,Bell pepper,Other Solanaceae,symptomatic,,IIB,IIB,4NPB,match
RUN1974,PRJNA1196686,SRR31675713,,Available in Zenodo,E13A1,,141,5751752,100061,yes,Deberdt_et_al_2014,2011,,,,,South America,French Guiana,Sinnamary,FG1,Fallow,plant,,Eudicot,Solanales,Solanum,Solanum aethiopicum,,African aubergine,Other Solanaceae,symptomatic,,I,I,18,match
RUN1975,PRJNA1196686,SRR31675712,,Available in Zenodo,E13A2,,137,5756990,111247,yes,Deberdt_et_al_2014,2011,,,,,South America,French Guiana,Sinnamary,FG1,Fallow,plant,,Eudicot,Solanales,Solanum,Solanum aethiopicum,,African aubergine,Other Solanaceae,symptomatic,,I,I,18,match
RUN1976,PRJNA1196686,SRR31675711,,Available in Zenodo,E14A6,,350,6075873,172852,no,Deberdt_et_al_2014,2011,,,,,South America,French Guiana,Corossony 1,FG3,Okra,plant,,Eudicot,Solanales,Solanum,Solanum melongena,,Aubergine,Other Solanaceae,symptomatic,,IIA,-,38,unknown
RUN1977,PRJNA1196686,SRR31675710,,Available in Zenodo,E14A7,,119,5968757,201905,yes,Deberdt_et_al_2014,2011,,,,,South America,French Guiana,Corossony 1,FG3,Okra,plant,,Eudicot,Solanales,Solanum,Solanum melongena,,Aubergine,Other Solanaceae,symptomatic,,IIA,IIA,38,match
RUN1978,PRJNA1196686,SRR31675709,,Available in Zenodo,E14A10,,133,5874836,172890,yes,Deberdt_et_al_2014,2011,,,,,South America,French Guiana,Corossony 1,FG3,Okra,plant,,Eudicot,Solanales,Solanum,Solanum melongena,,Aubergine,Other Solanaceae,symptomatic,,IIA,IIA,38,match
RUN1979,PRJNA1196686,SRR31675708,,Available in Zenodo,E14A11,,92,5815273,265498,yes,Deberdt_et_al_2014,2011,,,,,South America,French Guiana,Corossony 1,FG3,Okra,plant,,Eudicot,Solanales,Solanum,Solanum melongena,,Aubergine,Other Solanaceae,symptomatic,,I,I,14,match
RUN1980,PRJNA1196686,SRR31675707,,Available in Zenodo,E15PO1,,54,5574228,282919,yes,Deberdt_et_al_2014,2011,,,,,South America,French Guiana,Javouhey,FG1,Cabbage,plant,,Eudicot,Solanales,Capsicum,Capsicum annuum,bell,Bell pepper,Other Solanaceae,symptomatic,,IIB,IIB,4NPB,match
RUN1981,PRJNA1196686,SRR31675705,,Available in Zenodo,E15PO3,,91,5898104,139136,yes,Deberdt_et_al_2014,2011,,,,,South America,French Guiana,Javouhey,FG1,Cabbage,plant,,Eudicot,Solanales,Capsicum,Capsicum annuum,bell,Bell pepper,Other Solanaceae,symptomatic,,I,I,17,match
RUN1982,PRJNA1196686,SRR31675704,,Available in Zenodo,E15PO6,,61,5549157,212379,yes,Deberdt_et_al_2014,2011,,,,,South America,French Guiana,Javouhey,FG1,Cabbage,plant,,Eudicot,Solanales,Capsicum,Capsicum annuum,bell,Bell pepper,Other Solanaceae,symptomatic,,IIB,IIB,Basal 4NPB,match
RUN1983,PRJNA1196686,SRR31675703,,Available in Zenodo,E15PO11,,55,5572736,261444,yes,Deberdt_et_al_2014,2011,,,,,South America,French Guiana,Javouhey,FG1,Cabbage,plant,,Eudicot,Solanales,Capsicum,Capsicum annuum,bell,Bell pepper,Other Solanaceae,symptomatic,,IIB,IIB,4NPB,match
RUN1984,PRJNA1196686,SRR31675702,,Available in Zenodo,E15PO12,,92,5891950,125959,yes,Deberdt_et_al_2014,2011,,,,,South America,French Guiana,Javouhey,FG1,Cabbage,plant,,Eudicot,Solanales,Capsicum,Capsicum annuum,bell,Bell pepper,Other Solanaceae,symptomatic,,I,I,17,match
RUN1985,PRJNA1196686,SRR31675701,,Available in Zenodo,E16A2,,104,5784092,128315,yes,Deberdt_et_al_2014,2011,,,,,South America,French Guiana,Javouhey,FG1,Fallow,plant,,Eudicot,Solanales,Solanum,Solanum melongena,,Aubergine,Other Solanaceae,symptomatic,,I,I,17,match
RUN1986,PRJNA1196686,SRR31675700,,Available in Zenodo,E16A3,,106,5890525,119896,yes,Deberdt_et_al_2014,2011,,,,,South America,French Guiana,Javouhey,FG1,Fallow,plant,,Eudicot,Solanales,Solanum,Solanum melongena,,Aubergine,Other Solanaceae,symptomatic,,I,I,17,match
RUN1987,PRJNA1196686,SRR31675699,,Available in Zenodo,E16A13,,95,5894824,144952,yes,Deberdt_et_al_2014,2011,,,,,South America,French Guiana,Javouhey,FG1,Fallow,plant,,Eudicot,Solanales,Solanum,Solanum melongena,,Aubergine,Other Solanaceae,symptomatic,,I,I,17,match
RUN1988,PRJNA1196686,SRR31675698,,Available in Zenodo,E17A1,,96,6094915,139136,no,Deberdt_et_al_2014,2011,,,,,South America,French Guiana,Cacao,FG3,/,plant,,Eudicot,Solanales,Solanum,Solanum melongena,,Aubergine,Other Solanaceae,symptomatic,,I,-,17,unknown
RUN1989,PRJNA1196686,SRR31675697,,Available in Zenodo,E17A2,,96,6088537,139609,no,Deberdt_et_al_2014,2011,,,,,South America,French Guiana,Cacao,FG3,/,plant,,Eudicot,Solanales,Solanum,Solanum melongena,,Aubergine,Other Solanaceae,symptomatic,,I,-,17,unknown
RUN1990,PRJNA1196686,SRR31675696,,Available in Zenodo,E02T10,,92,6069585,125941,no,Deberdt_et_al_2014,2011,,,,,South America,French Guiana,Cacao,FG3,Vegetables,plant,,Eudicot,Solanales,Solanum,Solanum lycopersicum,,Tomato,Tomato,symptomatic,,I,-,17,unknown
RUN1991,PRJNA1196686,SRR31675693,,Available in Zenodo,E02T11,,96,5845932,126142,yes,Deberdt_et_al_2014,2011,,,,,South America,French Guiana,Cacao,FG3,Vegetables,plant,,Eudicot,Solanales,Solanum,Solanum lycopersicum,,Tomato,Tomato,symptomatic,,I,I,17,match
RUN1992,PRJNA1196686,SRR31675692,,Available in Zenodo,E02CO2,,56,5555445,261266,yes,Deberdt_et_al_2014,2011,,,,,South America,French Guiana,Cacao,FG3,Vegetables,plant,,Eudicot,Cucurbitales,Cucurbita,Cucurbita pepo,,Courgette,Cucurbits,symptomatic,,IIB,IIB,Basal 4NPB,match
RUN1993,PRJNA1196686,SRR31675691,,Available in Zenodo,E18T1,,31,5445386,351710,yes,Deberdt_et_al_2014,2011,,,,,South America,French Guiana,Montsinery,FG2,Lettuce,plant,,Eudicot,Solanales,Solanum,Solanum lycopersicum,,Tomato,Tomato,symptomatic,,IIA,IIA,41,match
RUN1994,PRJNA1196686,SRR31675474,,Available in Zenodo,E18T2,,37,5439309,316436,yes,Deberdt_et_al_2014,2011,,,,,South America,French Guiana,Montsinery,FG2,Lettuce,plant,,Eudicot,Solanales,Solanum,Solanum lycopersicum,,Tomato,Tomato,symptomatic,,IIA,IIA,41,match
RUN1995,PRJNA1196686,SRR31675473,,Available in Zenodo,E18T3,,32,5446620,351710,yes,Deberdt_et_al_2014,2011,,,,,South America,French Guiana,Montsinery,FG2,Lettuce,plant,,Eudicot,Solanales,Solanum,Solanum lycopersicum,,Tomato,Tomato,symptomatic,,IIA,IIA,41,match
RUN1996,PRJNA1196686,SRR31675472,,Available in Zenodo,E18T4,,33,5445913,331779,yes,Deberdt_et_al_2014,2011,,,,,South America,French Guiana,Montsinery,FG2,Lettuce,plant,,Eudicot,Solanales,Solanum,Solanum lycopersicum,,Tomato,Tomato,symptomatic,,IIA,IIA,41,match
RUN1997,PRJNA1196686,SRR31675471,,Available in Zenodo,E18T5,,48,5553344,336774,yes,Deberdt_et_al_2014,2011,,,,,South America,French Guiana,Montsinery,FG2,Lettuce,plant,,Eudicot,Solanales,Solanum,Solanum lycopersicum,,Tomato,Tomato,symptomatic,,IIB,IIB,Basal 4NPB,match
RUN1998,PRJNA1196686,SRR31675470,,Available in Zenodo,E18T6,,40,5444350,316418,yes,Deberdt_et_al_2014,2011,,,,,South America,French Guiana,Montsinery,FG2,Lettuce,plant,,Eudicot,Solanales,Solanum,Solanum lycopersicum,,Tomato,Tomato,symptomatic,,IIA,IIA,41,match
RUN1999,PRJNA1196686,SRR31675469,,Available in Zenodo,E18T8,,34,5446549,351710,yes,Deberdt_et_al_2014,2011,,,,,South America,French Guiana,Montsinery,FG2,Lettuce,plant,,Eudicot,Solanales,Solanum,Solanum lycopersicum,,Tomato,Tomato,symptomatic,,IIA,IIA,41,match
RUN2000,PRJNA1196686,SRR31675468,,Available in Zenodo,E18T9,,31,5448790,380112,yes,Deberdt_et_al_2014,2011,,,,,South America,French Guiana,Montsinery,FG2,Lettuce,plant,,Eudicot,Solanales,Solanum,Solanum lycopersicum,,Tomato,Tomato,symptomatic,,IIA,IIA,41,match
RUN2001,PRJNA1196686,SRR31675466,,Available in Zenodo,E18T10,,36,5445517,315098,yes,Deberdt_et_al_2014,2011,,,,,South America,French Guiana,Montsinery,FG2,Lettuce,plant,,Eudicot,Solanales,Solanum,Solanum lycopersicum,,Tomato,Tomato,symptomatic,,IIA,IIA,41,match
RUN2002,PRJNA1196686,SRR31675465,,Available in Zenodo,E18T11,,31,5446784,461023,yes,Deberdt_et_al_2014,2011,,,,,South America,French Guiana,Montsinery,FG2,Lettuce,plant,,Eudicot,Solanales,Solanum,Solanum lycopersicum,,Tomato,Tomato,symptomatic,,IIA,IIA,41,match
RUN2003,PRJNA1196686,SRR31675464,,Available in Zenodo,E19T1,,107,5857608,195281,yes,Deberdt_et_al_2014,2011,,,,,South America,French Guiana,Corossony 1,FG3,Cucumber,plant,,Eudicot,Solanales,Solanum,Solanum lycopersicum,,Tomato,Tomato,symptomatic,,IIA,IIA,38,match
RUN2004,PRJNA1196686,SRR31675463,,Available in Zenodo,E19T2,,64,5508902,283941,yes,Deberdt_et_al_2014,2011,,,,,South America,French Guiana,Corossony 1,FG3,Cucumber,plant,,Eudicot,Solanales,Solanum,Solanum lycopersicum,,Tomato,Tomato,symptomatic,,IIB,IIB,Basal 4NPB,match
RUN2005,PRJNA1196686,SRR31675462,,Available in Zenodo,E19T3,,106,5846034,195281,yes,Deberdt_et_al_2014,2011,,,,,South America,French Guiana,Corossony 1,FG3,Cucumber,plant,,Eudicot,Solanales,Solanum,Solanum lycopersicum,,Tomato,Tomato,symptomatic,,IIA,IIA,38,match
RUN2006,PRJNA1196686,SRR31675461,,Available in Zenodo,E19T4,,117,5842383,170444,yes,Deberdt_et_al_2014,2011,,,,,South America,French Guiana,Corossony 1,FG3,Cucumber,plant,,Eudicot,Solanales,Solanum,Solanum lycopersicum,,Tomato,Tomato,symptomatic,,IIA,IIA,38,match
RUN2007,PRJNA1196686,SRR31675460,,Available in Zenodo,E19T5,,51,5509544,316656,yes,Deberdt_et_al_2014,2011,,,,,South America,French Guiana,Corossony 1,FG3,Cucumber,plant,,Eudicot,Solanales,Solanum,Solanum lycopersicum,,Tomato,Tomato,symptomatic,,IIB,IIB,Basal 4NPB,match
RUN2008,PRJNA1196686,SRR31675459,,Available in Zenodo,E19T6,,141,5826041,170443,no,Deberdt_et_al_2014,2011,,,,,South America,French Guiana,Corossony 1,FG3,Cucumber,plant,,Eudicot,Solanales,Solanum,Solanum lycopersicum,,Tomato,Tomato,symptomatic,,IIA,-,38,unknown
RUN2009,PRJNA1196686,SRR31675458,,Available in Zenodo,E19T7,,54,5506527,253755,yes,Deberdt_et_al_2014,2011,,,,,South America,French Guiana,Corossony 1,FG3,Cucumber,plant,,Eudicot,Solanales,Solanum,Solanum lycopersicum,,Tomato,Tomato,symptomatic,,IIB,IIB,Basal 4NPB,match
RUN2010,PRJNA1196686,SRR31675457,,Available in Zenodo,E19T10,,107,5880365,202586,yes,Deberdt_et_al_2014,2011,,,,,South America,French Guiana,Corossony 1,FG3,Cucumber,plant,,Eudicot,Solanales,Solanum,Solanum lycopersicum,,Tomato,Tomato,symptomatic,,IIA,IIA,38,match
RUN2011,PRJNA1196686,SRR31675455,,Available in Zenodo,E19T11,,60,5506059,236552,yes,Deberdt_et_al_2014,2011,,,,,South America,French Guiana,Corossony 1,FG3,Cucumber,plant,,Eudicot,Solanales,Solanum,Solanum lycopersicum,,Tomato,Tomato,symptomatic,,IIB,IIB,Basal 4NPB,match
RUN2173,PRJNA1196686,SRR31675454,,Available in Zenodo,E'1A2,E1A2,87,5827063,268139,yes,Deberdt_et_al_2014,2012,,,,,South America,French Guiana,Montsinery,FG2,Forest,plant,,Eudicot,Solanales,Solanum,Solanum melongena,,Aubergine,Other Solanaceae,symptomatic,,IIA,IIA,35,match
RUN2174,PRJNA1196686,SRR31675453,,Available in Zenodo,E'2A1,E2A1,66,5707782,249916,yes,Deberdt_et_al_2014,2012,,"5,46617","-54,024797999999997",,South America,French Guiana,Saint Laurent Du Maroni,FG1,Bean,plant,,Eudicot,Solanales,Solanum,Solanum melongena,,Aubergine,Other Solanaceae,symptomatic,,I,I,14,match
RUN2175,PRJNA1196686,SRR31675452,,Available in Zenodo,E'2A2,E2A2,85,5699334,201196,yes,Deberdt_et_al_2014,2012,,"5,46617","-54,024797999999997",,South America,French Guiana,Saint Laurent Du Maroni,FG1,Bean,plant,,Eudicot,Solanales,Solanum,Solanum melongena,,Aubergine,Other Solanaceae,symptomatic,,I,I,14,match
RUN2176,PRJNA1196686,SRR31675451,,Available in Zenodo,E'2A3,E2A3,76,5709359,194885,yes,Deberdt_et_al_2014,2012,,"5,46617","-54,024797999999997",,South America,French Guiana,Saint Laurent Du Maroni,FG1,Bean,plant,,Eudicot,Solanales,Solanum,Solanum melongena,,Aubergine,Other Solanaceae,symptomatic,,I,I,14,match
RUN2177,PRJNA1196686,SRR31675354,,Available in Zenodo,E'4T3,E4T3,109,5885670,139438,yes,Deberdt_et_al_2014,2012,,,,,South America,French Guiana,Matiti,FG2,Fallow,plant,,Eudicot,Solanales,Solanum,Solanum lycopersicum,,Tomato,Tomato,symptomatic,"Matiti, in commune of Macouria",I,I,47,match
RUN2178,PRJNA1196686,SRR31675353,,Available in Zenodo,012-021,E4T7,188,5855069,104049,no,Deberdt_et_al_2014,2012,,,,,South America,French Guiana,Matiti,FG2,Fallow,plant,,Eudicot,Solanales,Solanum,Solanum lycopersicum,,Tomato,Tomato,symptomatic,"Matiti, in commune of Macouria",I,-,47,unknown
RUN2179,PRJNA1196686,SRR31675352,,Available in Zenodo,E'4T10,E4T10,115,5888333,128827,yes,Deberdt_et_al_2014,2012,,,,,South America,French Guiana,Matiti,FG2,Fallow,plant,,Eudicot,Solanales,Solanum,Solanum lycopersicum,,Tomato,Tomato,symptomatic,"Matiti, in commune of Macouria",I,I,47,match
RUN2180,PRJNA1196686,SRR31675351,,Available in Zenodo,E'4T2,E4T2,107,5885452,127428,yes,Deberdt_et_al_2014,2012,,,,,South America,French Guiana,Matiti,FG2,Fallow,plant,,Eudicot,Solanales,Solanum,Solanum lycopersicum,,Tomato,Tomato,symptomatic,"Matiti, in commune of Macouria",I,I,47,match
RUN2181,PRJNA1196686,SRR31675350,,Available in Zenodo,E'4T8,E4T8,119,5884930,129070,yes,Deberdt_et_al_2014,2012,,,,,South America,French Guiana,Matiti,FG2,Fallow,plant,,Eudicot,Solanales,Solanum,Solanum lycopersicum,,Tomato,Tomato,symptomatic,"Matiti, in commune of Macouria",I,I,47,match
RUN2182,PRJNA1196686,SRR31675348,,Available in Zenodo,E'4T17,E4T17,109,5886925,127428,yes,Deberdt_et_al_2014,2012,,,,,South America,French Guiana,Matiti,FG2,Fallow,plant,,Eudicot,Solanales,Solanum,Solanum lycopersicum,,Tomato,Tomato,symptomatic,"Matiti, in commune of Macouria",I,I,48,match
RUN2183,PRJNA1196686,SRR31675347,,Available in Zenodo,E'6B4P8,E6B4P8,78,5736129,267707,yes,Deberdt_et_al_2014,2012,,"5,3146388890000003","-52,930138888999998",,South America,French Guiana,Combi,FG1,Forest,plant,,Eudicot,Solanales,Solanum,Solanum lycopersicum,,Tomato,Tomato,symptomatic,RUN2183 shares farm code E'06 and is noted as being from Station Expe Cirad. All E06 isolates might be from Station Expe Cirad. Combi is a sublocality in Sinnamary.,IIA,IIA,35,match
RUN2184,PRJNA1196686,SRR31675346,,Available in Zenodo,E'6B5P9,E6B5P9,115,5819691,182763,no,Deberdt_et_al_2014,2012,,"5,3146111109999996","-52,929694443999999",,South America,French Guiana,Combi,FG1,Forest,plant,,Eudicot,Solanales,Solanum,Solanum lycopersicum,,Tomato,Tomato,symptomatic,RUN2183 shares farm code E'06 and is noted as being from Station Expe Cirad. All E06 isolates might be from Station Expe Cirad. Combi is a sublocality in Sinnamary.,IIA,-,39,unknown
RUN2185,PRJNA1196686,SRR31675345,,Available in Zenodo,E'6B9P6,E6B9P6,62,5864670,313913,yes,Deberdt_et_al_2014,2012,,"5,3153888890000003","-52,929222222",,South America,French Guiana,Combi,FG1,Forest,plant,,Eudicot,Solanales,Solanum,Solanum lycopersicum,,Tomato,Tomato,symptomatic,RUN2183 shares farm code E'06 and is noted as being from Station Expe Cirad. All E06 isolates might be from Station Expe Cirad. Combi is a sublocality in Sinnamary.,IIA,IIA,35,match
RUN2186,PRJNA1196686,SRR31675344,,Available in Zenodo,E'6B11P4,E6B11P4,65,5832669,313967,yes,Deberdt_et_al_2014,2012,,"5,3152222220000001","-52,929444443999998",,South America,French Guiana,Combi,FG1,Forest,plant,,Eudicot,Solanales,Solanum,Solanum lycopersicum,,Tomato,Tomato,symptomatic,RUN2183 shares farm code E'06 and is noted as being from Station Expe Cirad. All E06 isolates might be from Station Expe Cirad. Combi is a sublocality in Sinnamary.,IIA,IIA,39,match
RUN2187,PRJNA1196686,SRR31675343,,Available in Zenodo,E'6B7P6,E6B7P6,91,5822114,277393,no,Deberdt_et_al_2014,2012,,"5,314666667","-52,929055556000002",,South America,French Guiana,Combi,FG1,Forest,plant,,Eudicot,Solanales,Solanum,Solanum lycopersicum,,Tomato,Tomato,symptomatic,RUN2183 shares farm code E'06 and is noted as being from Station Expe Cirad. All E06 isolates might be from Station Expe Cirad. Combi is a sublocality in Sinnamary.,IIA,-,39,unknown
RUN2188,PRJNA1196686,SRR31675342,,Available in Zenodo,E'6B2P2,E6B2P2,59,5876547,330886,yes,Deberdt_et_al_2014,2012,,"5,3154444439999997","-52,930222221999998",,South America,French Guiana,Combi,FG1,Forest,plant,,Eudicot,Solanales,Solanum,Solanum lycopersicum,,Tomato,Tomato,symptomatic,RUN2183 shares farm code E'06 and is noted as being from Station Expe Cirad. All E06 isolates might be from Station Expe Cirad. Combi is a sublocality in Sinnamary.,IIA,IIA,39,match
RUN2189,PRJNA1196686,SRR31675341,,Available in Zenodo,E'6B3P2,E6B3P2,75,5739067,262407,yes,Deberdt_et_al_2014,2012,,"5,3149722219999997","-52,930194444000001",,South America,French Guiana,Combi,FG1,Forest,plant,,Eudicot,Solanales,Solanum,Solanum lycopersicum,,Tomato,Tomato,symptomatic,RUN2183 shares farm code E'06 and is noted as being from Station Expe Cirad. All E06 isolates might be from Station Expe Cirad. Combi is a sublocality in Sinnamary.,IIA,IIA,35,match
RUN2190,PRJNA1196686,SRR31675340,,Available in Zenodo,E'6B9P3,E6B9P3,85,5910812,299102,yes,Deberdt_et_al_2014,2012,,"5,3153888890000003","-52,929222222",,South America,French Guiana,Combi,FG1,Forest,plant,,Eudicot,Solanales,Solanum,Solanum lycopersicum,,Tomato,Tomato,symptomatic,RUN2183 shares farm code E'06 and is noted as being from Station Expe Cirad. All E06 isolates might be from Station Expe Cirad. Combi is a sublocality in Sinnamary.,IIA,IIA,35,match
RUN2191,PRJNA1196686,SRR31675339,,Available in Zenodo,E'6B8P6,E6B8P6,62,5831895,313967,yes,Deberdt_et_al_2014,2012,,"5,3150000000000004","-52,929083333000001",,South America,French Guiana,Combi,FG1,Forest,plant,,Eudicot,Solanales,Solanum,Solanum lycopersicum,,Tomato,Tomato,symptomatic,RUN2183 shares farm code E'06 and is noted as being from Station Expe Cirad. All E06 isolates might be from Station Expe Cirad. Combi is a sublocality in Sinnamary.,IIA,IIA,39,match
RUN2192,PRJNA1196686,SRR31675337,,Available in Zenodo,E'6B8P9,E6B8P9,76,5800606,312451,yes,Deberdt_et_al_2014,2012,,"5,3150000000000004","-52,929083333000001",,South America,French Guiana,Combi,FG1,Forest,plant,,Eudicot,Solanales,Solanum,Solanum lycopersicum,,Tomato,Tomato,symptomatic,RUN2183 shares farm code E'06 and is noted as being from Station Expe Cirad. All E06 isolates might be from Station Expe Cirad. Combi is a sublocality in Sinnamary.,IIA,IIA,39,match
RUN2193,PRJNA1196686,SRR31675336,,Available in Zenodo,012-038,E6B3P3,108,5834996,205029,yes,Deberdt_et_al_2014,2012,,"5,3149722219999997","-52,930194444000001",,South America,French Guiana,Combi,FG1,Forest,plant,,Eudicot,Solanales,Solanum,Solanum lycopersicum,,Tomato,Tomato,symptomatic,RUN2183 shares farm code E'06 and is noted as being from Station Expe Cirad. All E06 isolates might be from Station Expe Cirad. Combi is a sublocality in Sinnamary.,II,IIA,,match
RUN2194,PRJNA1196686,SRR31675335,,Available in Zenodo,E'6B3P1,E6B3P1,76,5781656,267826,yes,Deberdt_et_al_2014,2012,,"5,3149722219999997","-52,930194444000001",,South America,French Guiana,Combi,FG1,Forest,plant,,Eudicot,Solanales,Solanum,Solanum lycopersicum,,Tomato,Tomato,symptomatic,RUN2183 shares farm code E'06 and is noted as being from Station Expe Cirad. All E06 isolates might be from Station Expe Cirad. Combi is a sublocality in Sinnamary.,IIA,IIA,35,match
RUN2195,PRJNA1196686,SRR31675334,,Available in Zenodo,E'6B3P5,E6B3P5,77,5783212,287232,yes,Deberdt_et_al_2014,2012,,"5,3149722219999997","-52,930194444000001",,South America,French Guiana,Combi,FG1,Forest,plant,,Eudicot,Solanales,Solanum,Solanum lycopersicum,,Tomato,Tomato,symptomatic,RUN2183 shares farm code E'06 and is noted as being from Station Expe Cirad. All E06 isolates might be from Station Expe Cirad. Combi is a sublocality in Sinnamary.,IIA,IIA,35,match
RUN2196,PRJNA1196686,SRR31675333,,Available in Zenodo,E'6B1P7,E6B1P7,79,5778462,267470,yes,Deberdt_et_al_2014,2012,,"5,3157222219999998","-52,930236110999999",,South America,French Guiana,Combi,FG1,Forest,plant,,Eudicot,Solanales,Solanum,Solanum lycopersicum,,Tomato,Tomato,symptomatic,RUN2183 shares farm code E'06 and is noted as being from Station Expe Cirad. All E06 isolates might be from Station Expe Cirad. Combi is a sublocality in Sinnamary.,IIA,IIA,35,match
RUN2197,PRJNA1196686,SRR31675332,,Available in Zenodo,012-042,E6B4P3,81,5893174,299045,yes,Deberdt_et_al_2014,2012,,"5,3146388890000003","-52,930138888999998",,South America,French Guiana,Combi,FG1,Forest,plant,,Eudicot,Solanales,Solanum,Solanum lycopersicum,,Tomato,Tomato,symptomatic,RUN2183 shares farm code E'06 and is noted as being from Station Expe Cirad. All E06 isolates might be from Station Expe Cirad. Combi is a sublocality in Sinnamary.,IIA,IIA,6,match
RUN2198,PRJNA1196686,SRR31675331,,Available in Zenodo,E'6B3P9,E6B3P9,79,5864414,276958,yes,Deberdt_et_al_2014,2012,,"5,3149722219999997","-52,930194444000001",,South America,French Guiana,Combi,FG1,Forest,plant,,Eudicot,Solanales,Solanum,Solanum lycopersicum,,Tomato,Tomato,symptomatic,RUN2183 shares farm code E'06 and is noted as being from Station Expe Cirad. All E06 isolates might be from Station Expe Cirad. Combi is a sublocality in Sinnamary.,IIA,IIA,35,match
RUN2199,PRJNA1196686,SRR31675570,,Available in Zenodo,E'6B13P9,E6B13P9,79,5854954,275116,yes,Deberdt_et_al_2014,2012,,"5,3152222220000001","-52,930027778000003",,South America,French Guiana,Combi,FG1,Forest,plant,,Eudicot,Solanales,Solanum,Solanum lycopersicum,,Tomato,Tomato,symptomatic,RUN2183 shares farm code E'06 and is noted as being from Station Expe Cirad. All E06 isolates might be from Station Expe Cirad. Combi is a sublocality in Sinnamary.,IIA,IIA,35,match
RUN2200,PRJNA1196686,SRR31675569,,Available in Zenodo,E'6B3P8,E6B3P8,79,5784988,208457,yes,Deberdt_et_al_2014,2012,,"5,3149722219999997","-52,930194444000001",,South America,French Guiana,Combi,FG1,Forest,plant,,Eudicot,Solanales,Solanum,Solanum lycopersicum,,Tomato,Tomato,symptomatic,RUN2183 shares farm code E'06 and is noted as being from Station Expe Cirad. All E06 isolates might be from Station Expe Cirad. Combi is a sublocality in Sinnamary.,IIA,IIA,35,match
RUN2201,PRJNA1196686,SRR31675568,,Available in Zenodo,E'6B5P5,E6B5P5,74,5953093,347693,yes,Deberdt_et_al_2014,2012,,"5,3146111109999996","-52,929694443999999",,South America,French Guiana,Combi,FG1,Forest,plant,,Eudicot,Solanales,Solanum,Solanum lycopersicum,,Tomato,Tomato,symptomatic,RUN2183 shares farm code E'06 and is noted as being from Station Expe Cirad. All E06 isolates might be from Station Expe Cirad. Combi is a sublocality in Sinnamary.,IIA,IIA,35,match
RUN2202,PRJNA1196686,SRR31675566,,Available in Zenodo,E'6B10P8,E6B10P8,81,5871639,275841,yes,Deberdt_et_al_2014,2012,,"5,3157500000000004","-52,929111110999997",,South America,French Guiana,Combi,FG1,Forest,plant,,Eudicot,Solanales,Solanum,Solanum lycopersicum,,Tomato,Tomato,symptomatic,RUN2183 shares farm code E'06 and is noted as being from Station Expe Cirad. All E06 isolates might be from Station Expe Cirad. Combi is a sublocality in Sinnamary.,IIA,IIA,35,match
RUN2203,PRJNA1196686,SRR31675565,,Available in Zenodo,E'6B12P4,E6B12P4,76,5949799,436378,yes,Deberdt_et_al_2014,2012,,"5,3152222220000001","-52,929749999999999",,South America,French Guiana,Combi,FG1,Forest,plant,,Eudicot,Solanales,Solanum,Solanum lycopersicum,,Tomato,Tomato,symptomatic,RUN2183 shares farm code E'06 and is noted as being from Station Expe Cirad. All E06 isolates might be from Station Expe Cirad. Combi is a sublocality in Sinnamary.,IIA,IIA,35,match
RUN2204,PRJNA1196686,SRR31675564,,Available in Zenodo,012-049,E6B2P5,68,5786368,248367,yes,Deberdt_et_al_2014,2012,,"5,3154444439999997","-52,930222221999998",,South America,French Guiana,Combi,FG1,Forest,plant,,Eudicot,Solanales,Solanum,Solanum lycopersicum,,Tomato,Tomato,symptomatic,RUN2183 shares farm code E'06 and is noted as being from Station Expe Cirad. All E06 isolates might be from Station Expe Cirad. Combi is a sublocality in Sinnamary.,IIA,IIA,35,match
RUN2205,PRJNA1196686,SRR31675563,,Available in Zenodo,E'6B2P3,E6B2P3,81,5780174,212991,yes,Deberdt_et_al_2014,2012,,"5,3154444439999997","-52,930222221999998",,South America,French Guiana,Combi,FG1,Forest,plant,,Eudicot,Solanales,Solanum,Solanum lycopersicum,,Tomato,Tomato,symptomatic,RUN2183 shares farm code E'06 and is noted as being from Station Expe Cirad. All E06 isolates might be from Station Expe Cirad. Combi is a sublocality in Sinnamary.,IIA,IIA,35,match
RUN2206,PRJNA1196686,SRR31675562,,Available in Zenodo,E'6B2P8,E6B2P8,97,5844141,300555,yes,Deberdt_et_al_2014,2012,,"5,3154444439999997","-52,930222221999998",,South America,French Guiana,Combi,FG1,Forest,plant,,Eudicot,Solanales,Solanum,Solanum lycopersicum,,Tomato,Tomato,symptomatic,RUN2183 shares farm code E'06 and is noted as being from Station Expe Cirad. All E06 isolates might be from Station Expe Cirad. Combi is a sublocality in Sinnamary.,IIA,IIA,35,match
RUN2207,PRJNA1196686,SRR31675561,,Available in Zenodo,E'5B2P7,E5B2P7,97,5549143,188232,yes,Deberdt_et_al_2014,2012,,"4,5689722220000002","-52,454250000000002",,South America,French Guiana,Cacao,FG3,Forest,plant,,Eudicot,Solanales,Solanum,Solanum lycopersicum,,Tomato,Tomato,symptomatic,,IIA,IIA,38,match
RUN2208,PRJNA1196686,-,,Available in Zenodo,E'5B1P7,E5B1P7,,,,no,Deberdt_et_al_2014,2012,,"4,5690555560000004","-52,454166667000003",,South America,French Guiana,Cacao,FG3,Forest,plant,,Eudicot,Solanales,Solanum,Solanum lycopersicum,,Tomato,Tomato,symptomatic,,IIA,-,38,unknown
RUN2209,PRJNA1196686,SRR31675560,,Available in Zenodo,E'5B13P8,E5B13P8,95,5549244,197104,yes,Deberdt_et_al_2014,2012,,"4,5687499999999996","-52,454027777999997",,South America,French Guiana,Cacao,FG3,Forest,plant,,Eudicot,Solanales,Solanum,Solanum lycopersicum,,Tomato,Tomato,symptomatic,,IIA,IIA,38,match
RUN2210,PRJNA1196686,SRR31675559,,Available in Zenodo,E'5B12P6,E5B12P6,97,5549403,202547,yes,Deberdt_et_al_2014,2012,,"4,5692222219999996","-52,454055556",,South America,French Guiana,Cacao,FG3,Forest,plant,,Eudicot,Solanales,Solanum,Solanum lycopersicum,,Tomato,Tomato,symptomatic,,IIA,IIA,38,match
RUN2211,PRJNA1196686,SRR31675558,,Available in Zenodo,E'5B2P2,E5B2P2,97,5552541,202564,yes,Deberdt_et_al_2014,2012,,"4,5689722220000002","-52,454250000000002",,South America,French Guiana,Cacao,FG3,Forest,plant,,Eudicot,Solanales,Solanum,Solanum lycopersicum,,Tomato,Tomato,symptomatic,,IIA,IIA,38,match
RUN2212,PRJNA1196686,SRR31675557,,Available in Zenodo,E'5B4P9,E5B4P9,92,5552938,246209,yes,Deberdt_et_al_2014,2012,,"4,568805556","-52,454333333000001",,South America,French Guiana,Cacao,FG3,Forest,plant,,Eudicot,Solanales,Solanum,Solanum lycopersicum,,Tomato,Tomato,symptomatic,,IIA,IIA,38,match
RUN2213,PRJNA1196686,SRR31675555,,Available in Zenodo,E'5B3P4,E5B3P4,726,5974153,197104,no,Deberdt_et_al_2014,2012,,"4,5688611110000004","-52,454388889000001",,South America,French Guiana,Cacao,FG3,Forest,plant,,Eudicot,Solanales,Solanum,Solanum lycopersicum,,Tomato,Tomato,symptomatic,,IIA,-,38,unknown
RUN2214,PRJNA1196686,SRR31675554,,Available in Zenodo,E'5B3P5,E5B3P5,101,5555036,197104,yes,Deberdt_et_al_2014,2012,,"4,5688611110000004","-52,454388889000001",,South America,French Guiana,Cacao,FG3,Forest,plant,,Eudicot,Solanales,Solanum,Solanum lycopersicum,,Tomato,Tomato,symptomatic,,IIA,IIA,38,match
RUN2215,PRJNA1196686,SRR31675553,,Available in Zenodo,E'5B3P1,E5B3P1,106,5636213,197104,yes,Deberdt_et_al_2014,2012,,"4,5688611110000004","-52,454388889000001",,South America,French Guiana,Cacao,FG3,Forest,plant,,Eudicot,Solanales,Solanum,Solanum lycopersicum,,Tomato,Tomato,symptomatic,,IIA,IIA,38,match
RUN2216,PRJNA1196686,SRR31675552,,Available in Zenodo,E'5B6P1,E5B6P1,97,5555699,203995,yes,Deberdt_et_al_2014,2012,,"4,568805556","-52,454138888999999",,South America,French Guiana,Cacao,FG3,Forest,plant,,Eudicot,Solanales,Solanum,Solanum lycopersicum,,Tomato,Tomato,symptomatic,,IIA,IIA,38,match
RUN2218,PRJNA1196686,SRR31675551,,Available in Zenodo,E'5B7P2,E5B7P2,95,5550513,204065,yes,Deberdt_et_al_2014,2012,,"4,5688611110000004","-52,454083333",,South America,French Guiana,Cacao,FG3,Forest,plant,,Eudicot,Solanales,Solanum,Solanum lycopersicum,,Tomato,Tomato,symptomatic,,IIA,IIA,38,match
RUN2219,PRJNA1196686,SRR31675550,,Available in Zenodo,E'5B2P4,E5B2P4,89,5457102,174023,yes,Deberdt_et_al_2014,2012,,"4,5689722220000002","-52,454250000000002",,South America,French Guiana,Cacao,FG3,Forest,plant,,Eudicot,Solanales,Solanum,Solanum lycopersicum,,Tomato,Tomato,symptomatic,,IIA,IIA,38,match
RUN2220,PRJNA1196686,SRR31675549,,Available in Zenodo,E'5B7P6,E5B7P6,97,5552657,188232,yes,Deberdt_et_al_2014,2012,,"4,5688611110000004","-52,454083333",,South America,French Guiana,Cacao,FG3,Forest,plant,,Eudicot,Solanales,Solanum,Solanum lycopersicum,,Tomato,Tomato,symptomatic,,IIA,IIA,38,match
RUN2221,PRJNA1196686,SRR31675548,,Available in Zenodo,E'5B11P6,E5B11P6,56,5527416,298404,yes,Deberdt_et_al_2014,2012,,"4,5693333330000003","-52,453833332999999",,South America,French Guiana,Cacao,FG3,Forest,plant,,Eudicot,Solanales,Solanum,Solanum lycopersicum,,Tomato,Tomato,symptomatic,,IIB,IIB,27,match
RUN2222,PRJNA1196686,-,,Available in Zenodo,E'5B5P6,E5B5P6,,,,no,Deberdt_et_al_2014,2012,,"4,5687499999999996","-52,454305556000001",,South America,French Guiana,Cacao,FG3,Forest,plant,,Eudicot,Solanales,Solanum,Solanum lycopersicum,,Tomato,Tomato,symptomatic,,IIB,-,27,unknown
RUN2223,PRJNA1196686,SRR31675547,,Available in Zenodo,E'5B1P5,E5B1P5,89,5453169,197799,yes,Deberdt_et_al_2014,2012,,"4,5690555560000004","-52,454166667000003",,South America,French Guiana,Cacao,FG3,Forest,plant,,Eudicot,Solanales,Solanum,Solanum lycopersicum,,Tomato,Tomato,symptomatic,,IIA,IIA,38,match
RUN2224,PRJNA1196686,SRR31675690,,Available in Zenodo,E'5B3P7,E5B3P7,94,5555333,197104,yes,Deberdt_et_al_2014,2012,,"4,5688611110000004","-52,454111111000003",,South America,French Guiana,Cacao,FG3,Forest,plant,,Eudicot,Solanales,Solanum,Solanum lycopersicum,,Tomato,Tomato,symptomatic,,IIA,IIA,38,match
RUN2226,PRJNA1196686,SRR31675688,,Available in Zenodo,E'7B5P7,E7B5P7,55,5559859,355457,yes,Deberdt_et_al_2014,2012,,"4,3171666670000004","-52,175750000000001",,South America,French Guiana,Corrossony 2,FG3,Forest,plant,,Eudicot,Solanales,Solanum,Solanum lycopersicum,,Tomato,Tomato,symptomatic,"Two areas listed for Régina, two farms sampled in each. ",IIB,IIB,Basal 4NPB,match
RUN2227,PRJNA1196686,SRR31675687,,Available in Zenodo,E'7B6P3,E7B6P3,63,5557017,222538,yes,Deberdt_et_al_2014,2012,,"4,3171944440000001","-52,175722221999997",,South America,French Guiana,Corrossony 2,FG3,Forest,plant,,Eudicot,Solanales,Solanum,Solanum lycopersicum,,Tomato,Tomato,symptomatic,"Two areas listed for Régina, two farms sampled in each. ",IIB,IIB,Basal 4NPB,match
RUN2228,PRJNA1196686,SRR31675686,,Available in Zenodo,012-073,E8B8P8,101,5925922,139136,yes,Deberdt_et_al_2014,2012,,"4,3128888889999999","-52,175269999999998",,South America,French Guiana,Corrossony 2,FG3,Forest,plant,,Eudicot,Solanales,Solanum,Solanum lycopersicum,,Tomato,Tomato,symptomatic,"Two areas listed for Régina, two farms sampled in each. ",I,I,17,match
RUN2229,PRJNA1196686,SRR31675685,,Available in Zenodo,E'8B7P1,E8B7P1,74,5742001,265498,yes,Deberdt_et_al_2014,2012,,"4,312972222","-52,175222222000002",,South America,French Guiana,Corrossony 2,FG3,Forest,plant,,Eudicot,Solanales,Solanum,Solanum lycopersicum,,Tomato,Tomato,symptomatic,"Two areas listed for Régina, two farms sampled in each. ",I,I,14,match
RUN2230,PRJNA1196686,SRR31675684,,Available in Zenodo,E'8B13P5,E8B13P5,155,5541714,125068,no,Deberdt_et_al_2014,2012,,"4,31325","-52,175472222000003",,South America,French Guiana,Corrossony 2,FG3,Forest,plant,,Eudicot,Solanales,Solanum,Solanum lycopersicum,,Tomato,Tomato,symptomatic,"Two areas listed for Régina, two farms sampled in each. ",IIA,-,38,unknown
RUN2231,PRJNA1196686,SRR31675683,,Available in Zenodo,E'8B13P4,E8B13P4,99,5923881,141816,yes,Deberdt_et_al_2014,2012,,"4,31325","-52,175472222000003",,South America,French Guiana,Corrossony 2,FG3,Forest,plant,,Eudicot,Solanales,Solanum,Solanum lycopersicum,,Tomato,Tomato,symptomatic,"Two areas listed for Régina, two farms sampled in each. ",I,I,17,match
RUN2232,PRJNA1196686,SRR31675682,,Available in Zenodo,012-077,E8B10P2,111,5915212,129120,yes,Deberdt_et_al_2014,2012,,"4,3129444440000002","-52,175277778000002",,South America,French Guiana,Corrossony 2,FG3,Forest,plant,,Eudicot,Solanales,Solanum,Solanum lycopersicum,,Tomato,Tomato,symptomatic,"Two areas listed for Régina, two farms sampled in each. ",I,I,17,match
RUN2233,PRJNA1196686,SRR31675681,,Available in Zenodo,012-078,E8B8P1,105,5913411,123689,yes,Deberdt_et_al_2014,2012,,"4,3128888889999999","-52,175280000000001",,South America,French Guiana,Corrossony 2,FG3,Forest,plant,,Eudicot,Solanales,Solanum,Solanum lycopersicum,,Tomato,Tomato,symptomatic,"Two areas listed for Régina, two farms sampled in each. ",I,I,17,match
RUN2234,PRJNA1196686,SRR31675680,,Available in Zenodo,E'8B5P9,E8B5P9,86,5830483,199961,yes,Deberdt_et_al_2014,2012,,,,,South America,French Guiana,Corrossony 2,FG3,Forest,plant,,Eudicot,Solanales,Solanum,Solanum lycopersicum,,Tomato,Tomato,symptomatic,"Two areas listed for Régina, two farms sampled in each. ",I,I,14,match
RUN2235,PRJNA1196686,SRR31675679,,Available in Zenodo,E'8B11P7,E8B11P7,87,5699523,183095,yes,Deberdt_et_al_2014,2012,,"4,3128611110000001","-52,175416667",,South America,French Guiana,Corrossony 2,FG3,Forest,plant,,Eudicot,Solanales,Solanum,Solanum lycopersicum,,Tomato,Tomato,symptomatic,"Two areas listed for Régina, two farms sampled in each. ",I,I,14,match
RUN2236,PRJNA1196686,-,,Available in Zenodo,E'8B10P3,E8B10P3,,,,no,Deberdt_et_al_2014,2012,,"4,3129444440000002","-52,175277778000002",,South America,French Guiana,Corrossony 2,FG3,Forest,plant,,Eudicot,Solanales,Solanum,Solanum lycopersicum,,Tomato,Tomato,symptomatic,"Two areas listed for Régina, two farms sampled in each. ",I,-,17,unknown
RUN2237,PRJNA1196686,-,,Available in Zenodo,E'8B12P8,E8B12P8,,,,no,Deberdt_et_al_2014,2012,,"4,3127777780000001","-52,175388888999997",,South America,French Guiana,Corrossony 2,FG3,Forest,plant,,Eudicot,Solanales,Solanum,Solanum lycopersicum,,Tomato,Tomato,symptomatic,"Two areas listed for Régina, two farms sampled in each. ",I,-,17,unknown
RUN2238,PRJNA1196686,-,,Available in Zenodo,E'8B12P1,E8B12P1,,,,no,Deberdt_et_al_2014,2012,,"4,3127777780000001","-52,175388888999997",,South America,French Guiana,Corrossony 2,FG3,Forest,plant,,Eudicot,Solanales,Solanum,Solanum lycopersicum,,Tomato,Tomato,symptomatic,"Two areas listed for Régina, two farms sampled in each. ",I,-,14,unknown
RUN2239,PRJNA1196686,-,,Available in Zenodo,E'8B8P3,E8B8P3,,,,no,Deberdt_et_al_2014,2012,,"4,3128888889999999","-52,175249999999998",,South America,French Guiana,Corrossony 2,FG3,Forest,plant,,Eudicot,Solanales,Solanum,Solanum lycopersicum,,Tomato,Tomato,symptomatic,"Two areas listed for Régina, two farms sampled in each. ",I,-,14,unknown
RUN2240,PRJNA1196686,-,,Available in Zenodo,E'8B9P7,E8B9P7,,,,no,Deberdt_et_al_2014,2012,,"4,3128888889999999","-52,175260000000002",,South America,French Guiana,Corrossony 2,FG3,Forest,plant,,Eudicot,Solanales,Solanum,Solanum lycopersicum,,Tomato,Tomato,symptomatic,"Two areas listed for Régina, two farms sampled in each. ",I,-,14,unknown
RUN2241,PRJNA1196686,-,,Available in Zenodo,E'8B11P7,E8B11P7,,,,no,Deberdt_et_al_2014,2012,,"4,3128611110000001","-52,175416667",,South America,French Guiana,Corrossony 2,FG3,Forest,plant,,Eudicot,Solanales,Solanum,Solanum lycopersicum,,Tomato,Tomato,symptomatic,"Two areas listed for Régina, two farms sampled in each. ",I,-,14,unknown
RUN2242,PRJNA1196686,-,,Available in Zenodo,E'8B11P6,E8B11P6,,,,no,Deberdt_et_al_2014,2012,,"4,3128611110000001","-52,175416667",,South America,French Guiana,Corrossony 2,FG3,Forest,plant,,Eudicot,Solanales,Solanum,Solanum lycopersicum,,Tomato,Tomato,symptomatic,"Two areas listed for Régina, two farms sampled in each. ",I,-,14,unknown
RUN0004,PRJNA1196686,SRR31675788,,Available in Zenodo,SPV99-1120-1,,69,5551494,210314,yes,Wicker_et_al_2012,1999,,"14,772399999999999","-61,136110000000002",400,Caribbean,Martinique,Morne Rouge,,,plant,,Monocot,Alismatales,Anthurium,Anthurium andreanum,,Anthurium,Araceae,symptomatic,,IIB,IIB,4NPB,match
RUN0005,PRJNA1196686,SRR31675629,,Available in Zenodo,SPV99-1121-1,,65,5551104,202595,yes,Wicker_et_al_2012,1999,,"14,772399999999999","-61,136110000000002",400,Caribbean,Martinique,Morne Rouge,,,plant,yes,Monocot,Alismatales,Anthurium,Anthurium andreanum,,Anthurium,Araceae,symptomatic,,IIB,IIB,4NPB,match
RUN0006,PRJNA1196686,SRR31675734,,Available in Zenodo,SPV99-1121-2,,74,5548666,192677,yes,Wicker_et_al_2012,1999,,"14,772399999999999","-61,136110000000002",400,Caribbean,Martinique,Morne Rouge,,,plant,,Monocot,Alismatales,Anthurium,Anthurium andreanum,,Anthurium,Araceae,symptomatic,,IIB,IIB,4NPB,match
RUN0007,PRJNA1196686,-,,Available in Zenodo,SPV99-1122,,,,,no,Wicker_et_al_2012,1999,,"14,772399999999999","-61,136110000000002",400,Caribbean,Martinique,Morne Rouge,,,plant,,Monocot,Alismatales,Anthurium,Anthurium andreanum,,Anthurium,Araceae,symptomatic,,IIB,-,4NPB,unknown
RUN0008,PRJNA1196686,SRR31675695,,Available in Zenodo,SPV99-154-2,,66,5549432,231680,yes,Wicker_et_al_2012,1999,,"14,772399999999999","-61,136110000000002",400,Caribbean,Martinique,Morne Rouge,,,plant,,Monocot,Alismatales,Anthurium,Anthurium andreanum,,Anthurium,Araceae,symptomatic,,IIB,IIB,4NPB,match
RUN0015,PRJNA1196686,SRR31675676,,Available in Zenodo,SPV99-1121,ANT1121,66,5550915,202595,yes,Wicker_et_al_2012,1999,,"14,772399999999999","-61,136110000000002",400,Caribbean,Martinique,Morne Rouge,,,plant,,Monocot,Alismatales,Anthurium,Anthurium andreanum,,Anthurium,Araceae,symptomatic,,IIB,IIB,4NPB,match
RUN0016,PRJNA1196686,SRR31675449,,Available in Zenodo,SPV99-0307,ANT307,62,5506257,202595,yes,Wicker_et_al_2012,1999,,,,,Caribbean,Martinique,Saint Joseph,,,plant,,Monocot,Alismatales,Anthurium,Anthurium andreanum,,Anthurium,Araceae,symptomatic,,IIB,IIB,Basal 4NPB,match
RUN0017,PRJNA1196686,SRR31675438,,Available in Zenodo,02-075,ANT75; CIR02-075; CFBP6783,67,5549747,198492,yes,Wicker_et_al_2012,2002,2002-10-11 00:00:00,"14,772399999999999","-61,136110000000002",400,Caribbean,Martinique,Morne Rouge,,,plant,stem,Monocot,Zingiberales,Heliconia,Heliconia caribea,,Heliconia,Other Zingiberales,symptomatic,,IIB,IIB,4NPB,match
RUN0018,PRJNA1196686,SRR31675427,,Available in Zenodo,02-080,CIR02-080,60,5550740,282790,yes,Wicker_et_al_2012,2002,2002-10-11 00:00:00,"14,772399999999999","-61,136110000000002",400,Caribbean,Martinique,Morne Rouge,,,plant,leaf,Monocot,Alismatales,Anthurium,Anthurium andreanum,Standard,Anthurium,Araceae,symptomatic,,IIB,IIB,4NPB,match
RUN0027,PRJNA1196686,SRR31675320,,Available in Zenodo,CFBP2957,MT5; RUN0036,59,5655473,312933,yes,Wicker_et_al_2012,1987,,,,,Caribbean,Martinique,Case Pilote,,,plant,,Eudicot,Solanales,Solanum,Solanum lycopersicum,,Tomato,Tomato,symptomatic,,IIA,IIA,36,match
RUN0030,PRJNA1196686,SRR31675787,,Available in Zenodo,CFBP2972,MPT1; JS734,63,5610077,246332,yes,Wicker_et_al_2012,1986,,,,,Caribbean,Martinique,Le Lamentin,,,plant,,Eudicot,Solanales,Solanum,Solanum tuberosum,,Potato,Potato,symptomatic,,IIA,IIA,35,match
RUN0036,PRJNA1196686,SRR31675656,,Available in Zenodo,CFBP2957,MT5; RUN0027,60,5656386,268575,yes,Wicker_et_al_2012,1987,,,,,Caribbean,Martinique,Case Pilote,,,plant,,Eudicot,Solanales,Solanum,Solanum lycopersicum,,Tomato,Tomato,symptomatic,,IIA,IIA,36,match
RUN0037,PRJNA1196686,SRR31675645,,Available in Zenodo,CFBP2964,MA4,130,5237785,95517,yes,Wicker_et_al_2012,1983,,,,,Caribbean,Martinique,Schoelcher,,,plant,,Eudicot,Solanales,Solanum,Solanum melongena,,Aubergine,Other Solanaceae,asymptomatic,,I,I,18,match
RUN0261,PRJNA1196686,SRR31675767,,Available in Zenodo,CFBP6781,ANT142,74,5551423,192677,yes,Wicker_et_al_2012,2002,,,,,Caribbean,Martinique,Sainte Anne,,,plant,,Eudicot,Cucurbitales,Cucumis,Cucumis sativus,,Cucumber,Cucurbits,symptomatic,,IIB,IIB,4NPB,match
RUN0276,PRJNA1196686,SRR31675540,,Available in Zenodo,CFBP6795,PV2; SPV02-60152; 8279,66,5552227,224642,yes,Wicker_et_al_2012,2002,,,,,Caribbean,Martinique,Saint Esprit,,,plant,,Eudicot,Cucurbitales,Cucurbita,Cucurbita moschata,,Pumpkin,Cucurbits,symptomatic,"Species listed as Cucurbita moschata, host_common_name formerly listed as canteloupe.",IIB,IIB,4NPB,match
RUN0277,PRJNA1196686,-,,Available in Zenodo,CFBP6797,PV8; SPV02-30308; 8280,,,,no,Wicker_et_al_2012,2002,,,,,Caribbean,Martinique,Saint Joseph,,,plant,,Eudicot,Solanales,Solanum,Solanum americanum,,,Other Solanaceae,symptomatic,,IIB,-,4NPB,unknown
RUN0278,PRJNA1196686,SRR31675529,,Available in Zenodo,SPV98-1537,PV9; SPV98-1537; 8281,108,6269734,244693,no,Wicker_et_al_2012,1998,1998-01-01 00:00:00,,,,Caribbean,Martinique,Fort-de-France,,,plant,stem,Eudicot,Solanales,Solanum,Solanum lycopersicum,,Tomato,Tomato,symptomatic,,IIB,-,4NPB,unknown
RUN0279,PRJNA1196686,SRR31675422,,Available in Zenodo,CFBP6801,PV10; SPV01-30148; 8278,112,5635244,192348,yes,Wicker_et_al_2012,2001,,,,,Caribbean,Martinique,Gros Morne,,,plant,,Monocot,Zingiberales,Heliconia,Heliconia caribea,,Heliconia,Other Zingiberales,symptomatic,,IIA,IIA,38,match
RUN0280,PRJNA1196686,-,,Available in Zenodo,SPV99-1541,JY200,,,,no,Wicker_et_al_2012,1999,,,,,Caribbean,Martinique,Gros Morne,,,plant,,Monocot,Alismatales,Anthurium,Anthurium andreanum,,Anthurium,Araceae,symptomatic,,IIB,-,4NPB,unknown
RUN0281,PRJNA1196686,SRR31675411,,Available in Zenodo,CFBP6800,SPV01-60020; JY201,61,5550911,282715,yes,Wicker_et_al_2012,2001,,,,,Caribbean,Martinique,Gros Morne,,,plant,,Monocot,Alismatales,Anthurium,Anthurium andreanum,,Anthurium,Araceae,symptomatic,,IIB,IIB,4NPB,match
RUN0282,PRJNA1196686,SRR31675640,,Available in Zenodo,SPV00-30272,JY202,64,5549378,198942,yes,Wicker_et_al_2012,2000,,,,,Caribbean,Martinique,Gros Morne,,,plant,,Monocot,Alismatales,Anthurium,Anthurium andreanum,,Anthurium,Araceae,symptomatic,,IIB,IIB,4NPB,match
RUN0283,PRJNA1196686,SRR31675628,,Available in Zenodo,SPV99-1119,RUN0003; JY209,66,5552036,202595,yes,Wicker_et_al_2012,,,,,,Caribbean,Martinique,,,,plant,,Monocot,Alismatales,Anthurium,Anthurium andreanum,,Anthurium,Araceae,,,IIB,IIB,4NPB,match
RUN0284,PRJNA1196686,SRR31675761,,Available in Zenodo,JY212,SPV02-60144; 8276,64,5550193,210329,yes,Wicker_et_al_2012,2002,,,,,Caribbean,Martinique,Fonds Saint Denis,,,plant,,Eudicot,Cucurbitales,Cucumis,Cucumis sativus,,Cucumber,Cucurbits,symptomatic,,IIB,IIB,4NPB,match
RUN0285,PRJNA1196686,SRR31675750,,Available in Zenodo,JY213,SPV02-60037; 8277,66,5551212,236610,yes,Wicker_et_al_2012,2002,,,,,Caribbean,Martinique,Vauclin,,,plant,,Eudicot,Cucurbitales,Cucumis,Cucumis melo,,Cantaloupe,Cucurbits,symptomatic,,IIB,IIB,4NPB,match
RUN0286,PRJNA1196686,SRR31675739,,Available in Zenodo,CFBP6782,02-083; 8282,73,5550269,202595,yes,Wicker_et_al_2012,2002,,"14,772399999999999","-61,136110000000002",400,Caribbean,Martinique,Morne Rouge,,,plant,,Monocot,Pandanales,Pandanus,Pandanus sp.,,,Pandanus,symptomatic,,IIB,IIB,4NPB,match
RUN0287,PRJNA1196686,SRR31675512,,Available in Zenodo,CFBP6780,02-143-1; 8283,71,5551351,236610,yes,Wicker_et_al_2012,2002,,,,,Caribbean,Martinique,Sainte Anne,,,plant,,Eudicot,Solanales,Solanum,Solanum lycopersicum,,Tomato,Tomato,symptomatic,,IIB,IIB,4NPB,match
RUN0288,PRJNA1196686,SRR31675501,,Available in Zenodo,02-174(1),CFBP6779,189,5460481,63899,no,Wicker_et_al_2012,2002,2002-11-12 00:00:00,,,,Caribbean,Martinique,Le Lamentin,,,plant,rhizome_exudate,Monocot,Zingiberales,Canna,Canna indica,,Canna,Other Zingiberales,symptomatic,,IIA,-,38,unknown
RUN0289,PRJNA1196686,SRR31675394,,Available in Zenodo,02-194(1),CFBP6778,63,5549847,236610,yes,Wicker_et_al_2012,2002,2002-11-20 00:00:00,,,,Caribbean,Martinique,Le Lorrain,,,plant,stem_base_exudate,Eudicot,Solanales,Solanum,Solanum lycopersicum,Sumo,Tomato,Tomato,symptomatic,,IIB,IIB,4NPB,match
RUN0290,PRJNA1196686,SRR31675383,,Available in Zenodo,02-229(1),CFBP7012,66,5550827,236610,yes,Wicker_et_al_2012,2002,2002-11-28 00:00:00,,,,Caribbean,Martinique,Le Marin,,,plant,stem,Eudicot,Cucurbitales,Cucurbita,Cucurbita moschata,,Pumpkin,Cucurbits,symptomatic,,IIB,IIB,4NPB,match
RUN0291,PRJNA1196686,SRR31675612,,Available in Zenodo,02-269(1),CFBP6777,67,5553992,210325,yes,Wicker_et_al_2012,2002,2002-12-12 00:00:00,,,,Caribbean,Martinique,Basse Pointe,,,plant,stem,Eudicot,Cucurbitales,Citrullus,Citrullus lanatus,,Watermelon,Cucurbits,symptomatic,,IIB,IIB,4NPB,match
RUN0292,PRJNA1196686,SRR31675601,,Available in Zenodo,03-045,CFBP7013,66,5551324,244057,yes,Wicker_et_al_2012,2003,2003-01-23 00:00:00,,,,Caribbean,Martinique,Saint Esprit,,,plant,stem_exudate,Eudicot,Solanales,Solanum,Solanum lycopersicum,Oversy,Tomato,Tomato,symptomatic,,IIB,IIB,4NPB,match
RUN0293,PRJNA1196686,SRR31675733,,Available in Zenodo,03-078,CFBP7017,65,5549766,236610,yes,Wicker_et_al_2012,2003,2003-02-05 00:00:00,,,,Caribbean,Martinique,Macouba,,,plant,stem_base,Eudicot,Cucurbitales,Citrullus,Citrullus lanatus,,Watermelon,Cucurbits,symptomatic,,IIB,IIB,4NPB,match
RUN0294,PRJNA1196686,SRR31675722,,Available in Zenodo,03-092(1),CFBP7016,55,5505194,348802,yes,Wicker_et_al_2012,2003,2003-02-25 00:00:00,,,,Caribbean,Martinique,Gros Morne,,,plant,stem_base,Monocot,Alismatales,Anthurium,Anthurium andreanum,,Anthurium,Araceae,symptomatic,,IIA,IIA,39,match
RUN0295,PRJNA1196686,SRR31675495,,Available in Zenodo,04-006-4G,NPB4G; 04-06-4G; 4G,61,5549483,281692,yes,Wicker_et_al_2012,2004,2004-03-23 00:00:00,,,,Caribbean,Martinique,Trinite,,,plant,raceme,Monocot,Zingiberales,Musa,Musa acuminata x balbisiana AAB,,Plantain,Musa,symptomatic,,IIB,IIB,4NPB,match
RUN0296,PRJNA1196686,SRR31675484,,Available in Zenodo,04-006-16F,16F,64,5550061,236610,yes,Wicker_et_al_2012,2004,2004-03-23 00:00:00,,,,Caribbean,Martinique,Trinite,,,plant,raceme,Monocot,Zingiberales,Musa,Musa acuminata x balbisiana AAB,,Plantain,Musa,symptomatic,,IIB,IIB,4NPB,match
RUN0353,PRJNA1196686,SRR31675377,,Available in Zenodo,02-035,8307,144,5689273,89004,yes,Wicker_et_al_2012,2002,2002-10-04 00:00:00,,,,Caribbean,Martinique,Marigot,,,plant,stem_base_exudate,Eudicot,Solanales,Capsicum,Capsicum annuum,bell,Bell pepper,Other Solanaceae,symptomatic,,I,I,18,match
RUN0354,PRJNA1196686,SRR31675366,,Available in Zenodo,03-077,8303,65,5550530,236610,yes,Wicker_et_al_2012,2003,2003-02-05 00:00:00,,,,Caribbean,Martinique,Macouba,,,plant,,Eudicot,Solanales,Solanum,Solanum lycopersicum,,Tomato,Tomato,symptomatic,,IIB,IIB,4NPB,match
RUN0355,PRJNA1196686,SRR31675355,,Available in Zenodo,02-136(4),8304,192,5460738,63639,no,Wicker_et_al_2012,2002,2002-10-23 00:00:00,,,,Caribbean,Martinique,Vauclin,,,plant,rhizome,Monocot,Alismatales,Anthurium,Anthurium andreanum,Hybrid,Anthurium,Araceae,symptomatic,,IIA,-,38,unknown
RUN0356,PRJNA1196686,SRR31675584,,Available in Zenodo,02-045,,141,5785046,107596,yes,Wicker_et_al_2012,2002,2002-10-04 00:00:00,"14,664711","-61,015307",96,Caribbean,Martinique,Morne Des Esses,,,plant,stem_base_exudate,Eudicot,Solanales,Solanum,Solanum melongena,Kalenda,Aubergine,Other Solanaceae,symptomatic,,I,I,18,match
RUN0357,PRJNA1196686,-,,Available in Zenodo,02-204,GMI8305,,,,no,Wicker_et_al_2012,2002,2002-07-17 00:00:00,,,,Caribbean,Martinique,Le Lamentin,,,plant,stem,Eudicot,Solanales,Solanum,Solanum lycopersicum,Heat Master,Tomato,Tomato,symptomatic,,IIB,-,4NPB,unknown
RUN0358,PRJNA1196686,SRR31675573,,Available in Zenodo,02-005,GMI8302,61,5552555,308294,yes,Wicker_et_al_2012,2002,2002-09-10 00:00:00,,,,Caribbean,Martinique,Saint Joseph,,,plant,stem_exudate,Monocot,Alismatales,Anthurium,Anthurium andreanum,Hybrid,Anthurium,Araceae,symptomatic,,IIB,IIB,4NPB,match
RUN0359,PRJNA1196686,SRR31675706,,Available in Zenodo,02-141,8306,85,5755543,244762,yes,Wicker_et_al_2012,2002,2002-10-26 00:00:00,,,,Caribbean,Martinique,Sainte Anne,,,plant,stem_base_exudate,Eudicot,Solanales,Solanum,Solanum lycopersicum,Heat Master,Tomato,Tomato,symptomatic,,IIA,IIA,5,match
RUN0360,PRJNA1196686,SRR31675694,,Available in Zenodo,03-081e,,63,5550236,261451,yes,Wicker_et_al_2012,2003,2003-02-05 00:00:00,,,,Caribbean,Martinique,Basse Pointe,,,plant,stem_exudate,Eudicot,Solanales,Solanum,Solanum lycopersicum,,Tomato,Tomato,symptomatic,,IIB,IIB,4NPB,match
RUN0429,PRJNA1196686,SRR31675467,,Available in Zenodo,06-012(A2),,63,5552215,244035,yes,Wicker_et_al_2012,2006,,,,,Caribbean,Martinique,Macouba,,,plant,stem_base,Monocot,Zingiberales,Musa,Musa sp.,,,Musa,atypical_symptoms,banana sucker,IIB,IIB,4NPB,match
RUN0430,PRJNA1196686,SRR31675456,,Available in Zenodo,06012(A1),,71,5550834,182213,yes,Wicker_et_al_2012,2006,,,,,Caribbean,Martinique,Macouba,,,plant,stem_base,Monocot,Zingiberales,Musa,Musa sp.,,,Musa,atypical_symptoms,banana sucker,IIB,IIB,4NPB,match
RUN0438,PRJNA1196686,SRR31675677,,Available in Zenodo,06-033,,64,5552603,188358,yes,Wicker_et_al_2012,2006,,,,,Caribbean,Martinique,Saint Esprit,,,water_irrigation,,Environmental,Environmental,Water,water_irrigation,,,Environmental: Water,,Irrigation water,IIB,IIB,4NPB,match
RUN0520,PRJNA1196686,SRR31675675,,Available in Zenodo,06-055(6),,63,5551202,271830,yes,Wicker_et_al_2012,2006,2006-12-15 00:00:00,,,,Caribbean,Martinique,Le Lorrain,,,plant,stem,Eudicot,Solanales,Solanum,Solanum americanum,,,Other Solanaceae,symptomatic,,IIB,IIB,4NPB,match
RUN0521,PRJNA1196686,SRR31675674,,Available in Zenodo,06-055(3),2A,70,5535589,202595,no,Wicker_et_al_2012,2006,2006-12-15 00:00:00,,,,Caribbean,Martinique,Le Lorrain,,,plant,stem,Eudicot,Solanales,Solanum,Solanum americanum,,,Other Solanaceae,symptomatic,,IIB,-,4NPB,unknown
RUN0522,PRJNA1196686,SRR31675673,,Available in Zenodo,06-055(1),2B,62,5540030,210314,yes,Wicker_et_al_2012,2006,2006-12-15 00:00:00,,,,Caribbean,Martinique,Le Lorrain,,,plant,stem,Eudicot,Solanales,Solanum,Solanum americanum,,,Other Solanaceae,symptomatic,,IIB,IIB,4NPB,match
RUN0675,PRJNA1196686,SRR31675444,,Available in Zenodo,CFBP1036,,86,5807724,260884,yes,Wicker_et_al_2012,1965,,,,,Caribbean,Martinique,,,,plant,,Eudicot,Solanales,Solanum,Solanum lycopersicum,,Tomato,Tomato,symptomatic,,IIA,IIA,35,match
RUN0679,PRJNA1196686,SRR31675443,,Available in Zenodo,CFBP1186,,138,5801851,113612,yes,Wicker_et_al_2012,1969,,,,,Caribbean,Martinique,,,,plant,,Eudicot,Solanales,Capsicum,Capsicum annuum,bell,Bell pepper,Other Solanaceae,symptomatic,,I,I,,match
RUN0715,PRJNA1196686,SRR31675442,,Available in Zenodo,07-043 C19,,137,5672344,100071,yes,Wicker_et_al_2012,2007,2007-10-18 00:00:00,,,,Caribbean,Martinique,Le Lorrain,,,soil,,Environmental,Environmental,Soil,soil_banana_fallow,,,Environmental: Soil,,essai n°1; soil 07-031,I,I,18,match
RUN0716,PRJNA1196686,SRR31675441,,Available in Zenodo,02-024,,69,5552532,236610,yes,Wicker_et_al_2012,2002,2002-10-02 00:00:00,,,,Caribbean,Martinique,Gros Morne,,,plant,stem,Monocot,Alismatales,Anthurium,Anthurium andreanum,Standard,Anthurium,Araceae,symptomatic,"one of multiple isolates from same host individual: RUN0716, RUN1148, RUN1151, RUN1227",IIB,IIB,4NPB,match
RUN0717,PRJNA1196686,SRR31675440,,Available in Zenodo,07-043 C22,,133,5698168,97335,yes,Wicker_et_al_2012,2007,2007-10-18 00:00:00,,,,Caribbean,Martinique,Le Lorrain,,,soil,,Environmental,Environmental,Soil,soil_banana_fallow,,,Environmental: Soil,,essai n°1; soil 07-031,I,I,,match
RUN0718,PRJNA1196686,SRR31675439,,Available in Zenodo,07-043 C1,,133,5696877,103027,yes,Wicker_et_al_2012,2007,2007-10-18 00:00:00,,,,Caribbean,Martinique,Le Lorrain,,,soil,,Environmental,Environmental,Soil,soil_banana_fallow,,,Environmental: Soil,,essai n°1; soil 07-031,I,I,,match
RUN0719,PRJNA1196686,SRR31675437,,Available in Zenodo,02-104,,68,5550519,205427,yes,Wicker_et_al_2012,2002,2002-10-11 00:00:00,"14,772399999999999","-61,136110000000002",400,Caribbean,Martinique,Morne Rouge,,,plant,rhizome,Monocot,Alismatales,Anthurium,Anthurium andreanum,Hybrid,Anthurium,Araceae,symptomatic,,II,IIB,,match
RUN0720,PRJNA1196686,SRR31675436,,Available in Zenodo,07-043 C17,,144,5696530,100071,yes,Wicker_et_al_2012,2007,2007-10-18 00:00:00,,,,Caribbean,Martinique,Le Lorrain,,,soil,,Environmental,Environmental,Soil,soil_banana_fallow,,,Environmental: Soil,,essai n°1; soil 07-031,I,I,,match
RUN0721,PRJNA1196686,SRR31675435,,Available in Zenodo,02-181t,,194,5467459,59879,no,Wicker_et_al_2012,2002,,,,,Caribbean,Martinique,Sainte Marie,,,plant,,Monocot,Alismatales,Anthurium,Anthurium andreanum,,Anthurium,Araceae,symptomatic,,IIB,-,4NPB,unknown
RUN0722,PRJNA1196686,SRR31675434,,Available in Zenodo,02-153(1),,65,5553213,236610,yes,Wicker_et_al_2012,2002,2002-11-07 00:00:00,,,,Caribbean,Martinique,Saint Joseph,,,plant,rhizome,Monocot,Alismatales,Anthurium,Anthurium andreanum,Standard,Anthurium,Araceae,symptomatic,,IIB,IIB,4NPB,match
RUN0723,PRJNA1196686,SRR31675433,,Available in Zenodo,02-009,,66,5554178,271810,yes,Wicker_et_al_2012,2002,2002-09-13 00:00:00,"14,772399999999999","-61,136110000000002",400,Caribbean,Martinique,Morne Rouge,,,plant,stem_exudate,Monocot,Alismatales,Anthurium,Anthurium andreanum,Standard,Anthurium,Araceae,symptomatic,,IIB,IIB,4NPB,match
RUN0724,PRJNA1196686,SRR31675432,,Available in Zenodo,07-043 C12,,131,5699745,113584,yes,Wicker_et_al_2012,2007,2007-10-18 00:00:00,,,,Caribbean,Martinique,Le Lorrain,,,soil,,Environmental,Environmental,Soil,soil_banana_fallow,,,Environmental: Soil,,essai n°1; soil 07-031,I,I,,match
RUN0725,PRJNA1196686,SRR31675431,,Available in Zenodo,07-039(1),,132,5705032,97268,yes,Wicker_et_al_2012,2007,2007-09-25 00:00:00,,,,Caribbean,Martinique,Le Lorrain,,,soil,,Environmental,Environmental,Soil,soil_banana_fallow,,,Environmental: Soil,,répi Di; soil 07-031,I,I,,match
RUN0726,PRJNA1196686,SRR31675430,,Available in Zenodo,07-014(7),,63,5552388,236610,yes,Wicker_et_al_2012,2007,2007-04-27 00:00:00,,,,Caribbean,Martinique,Trinite ,,,plant,stem_base,Eudicot,Solanales,Solanum,Solanum lycopersicum,,Tomato,Tomato,symptomatic,,IIB,IIB,4NPB,match
RUN0727,PRJNA1196686,SRR31675429,,Available in Zenodo,07-014(8),,147,5618201,282919,yes,Wicker_et_al_2012,2007,2007-04-27 00:00:00,,,,Caribbean,Martinique,Trinite ,,,plant,stem_base,Eudicot,Solanales,Solanum,Solanum lycopersicum,,Tomato,Tomato,symptomatic,,IIB,IIB,4NPB,match
RUN0728,PRJNA1196686,SRR31675428,,Available in Zenodo,02-266(1),,186,5425550,64002,no,Wicker_et_al_2012,2002,2002-12-12 00:00:00,,,,Caribbean,Martinique,Gros Morne,,,plant,rhizome,Monocot,Alismatales,Anthurium,Anthurium andreanum,,Anthurium,Araceae,symptomatic,,IIA,-,38,unknown
RUN0729,PRJNA1196686,SRR31675330,,Available in Zenodo,02-200,,140,5701602,91640,yes,Wicker_et_al_2012,2002,2002-11-20 00:00:00,,,,Caribbean,Martinique,Le Lorrain,,,plant,stem_base_exudate,Eudicot,Solanales,Solanum,Solanum melongena,Kalenda,Aubergine,Other Solanaceae,symptomatic,,I,I,18,match
RUN0730,PRJNA1196686,SRR31675329,,Available in Zenodo,07-043_F,,48,5531463,326127,yes,Wicker_et_al_2012,2007,2007-10-18 00:00:00,,,,Caribbean,Martinique,Le Lorrain,,,soil,,Environmental,Environmental,Soil,soil_banana_fallow,,,Environmental: Soil,,essai n°1; soil 07-031,IIA,IIA,39,match
RUN0731,PRJNA1196686,SRR31675328,,Available in Zenodo,07-039(2),,131,5702527,102342,yes,Wicker_et_al_2012,2007,2007-09-25 00:00:00,,,,Caribbean,Martinique,Le Lorrain,,,soil,,Environmental,Environmental,Soil,soil_banana_fallow,,,Environmental: Soil,,répi D2; soil 07-031,I,I,,match
RUN0732,PRJNA1196686,SRR31675327,,Available in Zenodo,07-043 C15,,72,5549880,202595,yes,Wicker_et_al_2012,2007,2007-10-18 00:00:00,,,,Caribbean,Martinique,Le Lorrain,,,soil,,Environmental,Environmental,Soil,soil_banana_fallow,,,Environmental: Soil,,essai n°1; soil 07-031,IIB,IIB,4NPB,match
RUN0733,PRJNA1196686,SRR31675326,,Available in Zenodo,07-043 C14,,1761,7442968,74535,no,Wicker_et_al_2012,2007,2007-10-18 00:00:00,,,,Caribbean,Martinique,Le Lorrain,,,soil,,Environmental,Environmental,Soil,soil_banana_fallow,,,Environmental: Soil,,essai n°1; soil 07-031,IIB,-,4NPB,unknown
RUN0734,PRJNA1196686,SRR31675325,,Available in Zenodo,02-181(1),,191,5463766,63584,no,Wicker_et_al_2012,2002,2002-11-14 00:00:00,,,,Caribbean,Martinique,Sainte Marie,,,plant,rhizome_dead,Monocot,Alismatales,Anthurium,Anthurium andreanum,Standard,Anthurium,Araceae,dead_rhizome,,IIA,-,,unknown
RUN0735,PRJNA1196686,SRR31675324,,Available in Zenodo,07-043 C33,,139,5698383,105019,yes,Wicker_et_al_2012,2007,2007-10-18 00:00:00,,,,Caribbean,Martinique,Le Lorrain,,,soil,,Environmental,Environmental,Soil,soil_banana_fallow,,,Environmental: Soil,,essai n°1; soil 07-031,I,I,,match
RUN0736,PRJNA1196686,SRR31675323,,Available in Zenodo,02-243,,63,5628163,192180,yes,Wicker_et_al_2012,2002,2002-12-06 00:00:00,,,,Caribbean,Martinique,Le Precheur,,,plant,stem,Eudicot,Solanales,Solanum,Solanum lycopersicum,Heat Master,Tomato,Tomato,symptomatic,,IIA,IIA,37,match
RUN0737,PRJNA1196686,SRR31675322,,Available in Zenodo,07-043 C31,,137,5696112,100071,yes,Wicker_et_al_2012,2007,2007-10-18 00:00:00,,,,Caribbean,Martinique,Le Lorrain,,,soil,,Environmental,Environmental,Soil,soil_banana_fallow,,,Environmental: Soil,,essai n°1; soil 07-031,I,I,,match
RUN0738,PRJNA1196686,SRR31675321,,Available in Zenodo,07-043 C32,,848,6186126,95284,no,Wicker_et_al_2012,2007,2007-10-18 00:00:00,,,,Caribbean,Martinique,Le Lorrain,,,soil,,Environmental,Environmental,Soil,soil_banana_fallow,,,Environmental: Soil,,essai n°1; soil 07-031,I,-,,unknown
RUN0739,PRJNA1196686,SRR31675319,,Available in Zenodo,,,67,5552204,236610,yes,Wicker_et_al_2012,,,"14,772399999999999","-61,136110000000002",400,Caribbean,Martinique,Morne Rouge,,,plant,,Monocot,Alismatales,Anthurium,Anthurium andreanum,,Anthurium,Araceae,symptomatic,,II,IIB,,match
RUN0740,PRJNA1196686,SRR31675318,,Available in Zenodo,07-043 C30,,137,5693544,110714,yes,Wicker_et_al_2012,2007,2007-10-18 00:00:00,,,,Caribbean,Martinique,Le Lorrain,,,soil,,Environmental,Environmental,Soil,soil_banana_fallow,,,Environmental: Soil,,essai n°1; soil 07-031,I,I,,match
RUN0741,PRJNA1196686,SRR31675317,,Available in Zenodo,07-043 C10,,76,5550822,187499,yes,Wicker_et_al_2012,2007,2007-10-18 00:00:00,,,,Caribbean,Martinique,Le Lorrain,,,soil,,Environmental,Environmental,Soil,soil_banana_fallow,,,Environmental: Soil,,essai n°1; soil 07-031,IIB,IIB,4NPB,match
RUN0742,PRJNA1196686,SRR31675316,,Available in Zenodo,07-034,,158,5768626,87902,yes,Wicker_et_al_2012,2007,2007-09-07 00:00:00,,,,Caribbean,Martinique,Ducos,,,plant,,Eudicot,Solanales,Capsicum,Capsicum sp.,chili,Chili pepper,Other Solanaceae,symptomatic,,I,I,,match
RUN0743,PRJNA1196686,SRR31675315,,Available in Zenodo,02-179r,,194,5467935,64183,no,Wicker_et_al_2012,2002,2002-11-14 00:00:00,,,,Caribbean,Martinique,Trinite,,,plant,rhizome_dead,Eudicot,Caryophyllales,Amaranthus,Amaranthus sp.,Standard,Amaranthus,,asymptomatic,,IIA,-,,unknown
RUN0744,PRJNA1196686,SRR31675314,,Available in Zenodo,02-195(2),,74,5550978,180168,yes,Wicker_et_al_2012,2002,2002-11-20 00:00:00,,,,Caribbean,Martinique,Le Lorrain,,,plant,stem_base_exudate,Eudicot,Solanales,Solanum,Solanum lycopersicum,Heat Master,Tomato,Tomato,symptomatic,"one of multiple isolates from same host individual: RUN0744, RUN0750",IIB,IIB,4NPB,match
RUN0745,PRJNA1196686,SRR31675313,,Available in Zenodo,02-196(2),,64,5551162,255798,yes,Wicker_et_al_2012,2002,2002-11-20 00:00:00,,,,Caribbean,Martinique,Le Lorrain,,,plant,stem_base_exudate,Eudicot,Solanales,Solanum,Solanum lycopersicum,Heat Master,Tomato,Tomato,symptomatic,,IIB,IIB,4NPB,match
RUN0746,PRJNA1196686,SRR31675312,,Available in Zenodo,07-013(5),,65,5548897,202595,yes,Wicker_et_al_2012,2007,2007-04-27 00:00:00,,,,Caribbean,Martinique,Trinite ,,,plant,stem_base,Eudicot,Solanales,Capsicum,Capsicum annuum,bell,Bell pepper,Other Solanaceae,symptomatic,,IIB,IIB,4NPB,match
RUN0747,PRJNA1196686,SRR31675311,,Available in Zenodo,07-043 C37,,72,5550277,236610,yes,Wicker_et_al_2012,2007,2007-10-18 00:00:00,,,,Caribbean,Martinique,Le Lorrain,,,soil,,Environmental,Environmental,Soil,soil_banana_fallow,,,Environmental: Soil,,essai n°1; soil 07-031,IIB,IIB,4NPB,match
RUN0748,PRJNA1196686,SRR31675310,,Available in Zenodo,02-230(1),,136,5708743,113117,yes,Wicker_et_al_2012,2002,2002-11-28 00:00:00,,,,Caribbean,Martinique,Le Marin,,,plant,stem_exudate,Eudicot,Solanales,Solanum,Solanum melongena,Kalenda,Aubergine,Other Solanaceae,symptomatic,,I,I,18,match
RUN0749,PRJNA1196686,SRR31675666,,Available in Zenodo,07-043 C36,,134,5695247,102356,yes,Wicker_et_al_2012,2007,2007-10-18 00:00:00,,,,Caribbean,Martinique,Le Lorrain,,,soil,,Environmental,Environmental,Soil,soil_banana_fallow,,,Environmental: Soil,,essai n°1; soil 07-031,I,I,,match
RUN0750,PRJNA1196686,SRR31675665,,Available in Zenodo,02-195(1),,64,5550314,282919,yes,Wicker_et_al_2012,2002,2002-11-20 00:00:00,,,,Caribbean,Martinique,Le Lorrain,,,plant,stem_base_exudate,Eudicot,Solanales,Solanum,Solanum lycopersicum,Heat Master,Tomato,Tomato,symptomatic,"one of multiple isolates from same host individual: RUN0744, RUN0750",IIB,IIB,4NPB,match
RUN0751,PRJNA1196686,SRR31675664,,Available in Zenodo,07-049_RS17,,135,5668881,102374,yes,Wicker_et_al_2012,2007,2008-01-17 00:00:00,,,,Caribbean,Martinique,Le Lorrain,,,soil,,Environmental,Environmental,Soil,soil_banana_fallow,,,Environmental: Soil,,essai n°2; soil 07-031,I,I,,match
RUN0752,PRJNA1196686,SRR31675663,,Available in Zenodo,07-049_RS7,,134,5672541,95517,yes,Wicker_et_al_2012,2007,2008-01-17 00:00:00,,,,Caribbean,Martinique,Le Lorrain,,,soil,,Environmental,Environmental,Soil,soil_banana_fallow,,,Environmental: Soil,,essai n°2; soil 07-031,I,I,,match
RUN0753,PRJNA1196686,SRR31675662,,Available in Zenodo,07-043 C35,,140,5691057,102444,yes,Wicker_et_al_2012,2007,2007-10-18 00:00:00,,,,Caribbean,Martinique,Le Lorrain,,,soil,,Environmental,Environmental,Soil,soil_banana_fallow,,,Environmental: Soil,,essai n°1; soil 07-031,I,I,,match
RUN0754,PRJNA1196686,SRR31675661,,Available in Zenodo,07-049_RS6,,69,5551227,182402,yes,Wicker_et_al_2012,2007,2008-01-17 00:00:00,,,,Caribbean,Martinique,Le Lorrain,,,soil,,Environmental,Environmental,Soil,soil_banana_fallow,,,Environmental: Soil,,essai n°2; soil 07-031,IIB,IIB,4NPB,match
RUN0755,PRJNA1196686,SRR31675660,,Available in Zenodo,07-020 (1),,131,5613684,160729,yes,Wicker_et_al_2012,2007,2007-06-08 00:00:00,,,,Caribbean,Martinique,Le Precheur,,,plant,stem_base,Eudicot,Solanales,Solanum,Solanum lycopersicum,Inro,Tomato,Tomato,symptomatic,,IIA,IIA,38,match
RUN0756,PRJNA1196686,SRR31675659,,Available in Zenodo,02-142(5),,110,5576404,218682,yes,Wicker_et_al_2012,2002,2002-10-26 00:00:00,,,,Caribbean,Martinique,Sainte Anne,,,plant,stem,Eudicot,Cucurbitales,Cucumis,Cucumis sativus,,Cucumber,Cucurbits,symptomatic,,IIB,IIB,4NPB,match
RUN0757,PRJNA1196686,SRR31675658,,Available in Zenodo,07-043 C5,,147,5693319,100071,yes,Wicker_et_al_2012,2007,2007-10-18 00:00:00,,,,Caribbean,Martinique,Le Lorrain,,,soil,,Environmental,Environmental,Soil,soil_banana_fallow,,,Environmental: Soil,,essai n°1; soil 07-031,I,I,,match
RUN0758,PRJNA1196686,SRR31675657,,Available in Zenodo,07-043 C3,,143,5677696,126442,yes,Wicker_et_al_2012,2007,2007-10-18 00:00:00,,,,Caribbean,Martinique,Le Lorrain,,,soil,,Environmental,Environmental,Soil,soil_banana_fallow,,,Environmental: Soil,,essai n°1; soil 07-031,I,I,,match
RUN0759,PRJNA1196686,SRR31675655,,Available in Zenodo,02-142(3),,66,5549510,236610,yes,Wicker_et_al_2012,2002,2002-10-26 00:00:00,,,,Caribbean,Martinique,Sainte Anne,,,plant,stem,Eudicot,Cucurbitales,Cucumis,Cucumis sativus,,Cucumber,Cucurbits,symptomatic,,IIB,IIB,4NPB,match
RUN0760,PRJNA1196686,SRR31675654,,Available in Zenodo,02-142(2),,66,5555609,282919,yes,Wicker_et_al_2012,2002,2002-10-26 00:00:00,,,,Caribbean,Martinique,Sainte Anne,,,plant,stem,Eudicot,Cucurbitales,Cucumis,Cucumis sativus,,Cucumber,Cucurbits,symptomatic,,IIB,IIB,4NPB,match
RUN0761,PRJNA1196686,SRR31675653,,Available in Zenodo,02-027,,189,5459911,62096,no,Wicker_et_al_2012,2002,2002-10-02 00:00:00,,,,Caribbean,Martinique,Gros Morne,,,plant,stem,Monocot,Alismatales,Anthurium,Anthurium andreanum,Hybrid,Anthurium,Araceae,symptomatic,,IIA,-,38,unknown
RUN0762,PRJNA1196686,SRR31675652,,Available in Zenodo,02-267,,63,5551776,282802,yes,Wicker_et_al_2012,2002,2002-12-12 00:00:00,,,,Caribbean,Martinique,Le Lorrain,,,plant,stem,Eudicot,Solanales,Solanum,Solanum lycopersicum,Heat Master,Tomato,Tomato,symptomatic,,IIB,IIB,4NPB,match
RUN0763,PRJNA1196686,SRR31675651,,Available in Zenodo,02-153(2),,68,5554436,236610,yes,Wicker_et_al_2012,2002,2002-11-07 00:00:00,,,,Caribbean,Martinique,Saint Jospeh,,,plant,rhizome,Monocot,Alismatales,Anthurium,Anthurium andreanum,Standard,Anthurium,Araceae,symptomatic,,IIB,IIB,4NPB,match
RUN0764,PRJNA1196686,SRR31675650,,Available in Zenodo,02-029,,183,5459407,64106,no,Wicker_et_al_2012,2002,2002-10-02 00:00:00,,,,Caribbean,Martinique,Gros Morne,,,plant,rhizome,Monocot,Alismatales,Anthurium,Anthurium andreanum,Standard,Anthurium,Araceae,symptomatic,,IIA,-,38,unknown
RUN0765,PRJNA1196686,SRR31675649,,Available in Zenodo,02-191(1),,149,5697568,95517,yes,Wicker_et_al_2012,2002,2002-11-20 00:00:00,,,,Caribbean,Martinique,Le Lorrain,,,plant,stem_base_exudate,Eudicot,Solanales,Capsicum,Capsicum sp.,sweet chili,Sweet chili pepper,Other Solanaceae,symptomatic,,I,I,18,match
RUN0766,PRJNA1196686,SRR31675648,,Available in Zenodo,02-142(4),,65,5550324,236610,yes,Wicker_et_al_2012,2002,2002-10-26 00:00:00,,,,Caribbean,Martinique,Sainte Anne,,,plant,stem,Eudicot,Cucurbitales,Cucumis,Cucumis sativus,,Cucumber,Cucurbits,symptomatic,,IIB,IIB,4NPB,match
RUN0767,PRJNA1196686,SRR31675647,,Available in Zenodo,02-166,,67,5552731,195915,yes,Wicker_et_al_2012,2002,2002-11-08 00:00:00,,,,Caribbean,Martinique,Le Lamentin,,,plant,stem_base_exudate,Eudicot,Solanales,Solanum,Solanum lycopersicum,Heat Master,Tomato,Tomato,symptomatic,,IIA,IIB,4NPB,discrepancy
RUN0768,PRJNA1196686,SRR31675646,,Available in Zenodo,07-049_RS8,,70,5550514,192682,yes,Wicker_et_al_2012,2007,2008-01-17 00:00:00,,,,Caribbean,Martinique,Le Lorrain,,,soil,,Environmental,Environmental,Soil,soil_banana_fallow,,,Environmental: Soil,,essai n°2; soil 07-031,IIB,IIB,4NPB,match
RUN0769,PRJNA1196686,SRR31675644,,Available in Zenodo,02-207,,62,5551822,192678,yes,Wicker_et_al_2012,2002,2002-07-17 00:00:00,,,,Caribbean,Martinique,Le Lamentin,,,plant,stem,Eudicot,Solanales,Solanum,Solanum lycopersicum,Heat Master,Tomato,Tomato,symptomatic,,IIB,IIB,4NPB,match
RUN0770,PRJNA1196686,SRR31675643,,Available in Zenodo,02-229(5),,67,5550451,236610,yes,Wicker_et_al_2012,2002,2002-11-28 00:00:00,,,,Caribbean,Martinique,Le Marin,,,plant,stem,Eudicot,Cucurbitales,Cucurbita,Cucurbita moschata,,Pumpkin,Cucurbits,symptomatic,"one of multiple isolates from same host individual: RUN0770, RUN0772",IIB,IIB,4NPB,match
RUN0771,PRJNA1196686,SRR31675786,,Available in Zenodo,02-170,,148,5668248,100106,yes,Wicker_et_al_2012,2002,2002-11-08 00:00:00,,,,Caribbean,Martinique,Saint Joseph,,,plant,stem_base_exudate,Eudicot,Solanales,Solanum,Solanum lycopersicum,Heat Master,Tomato,Tomato,symptomatic,,I,I,18,match
RUN0772,PRJNA1196686,SRR31675785,,Available in Zenodo,02-229(4),,69,5550123,236610,yes,Wicker_et_al_2012,2002,2002-11-28 00:00:00,,,,Caribbean,Martinique,Le Marin,,,plant,stem,Eudicot,Cucurbitales,Cucurbita,Cucurbita moschata,,Pumpkin,Cucurbits,symptomatic,"one of multiple isolates from same host individual: RUN0770, RUN0772",IIB,IIB,4NPB,match
RUN0773,PRJNA1196686,SRR31675784,,Available in Zenodo,02-246,,179,5350244,86891,yes,Wicker_et_al_2012,2002,2002-12-06 00:00:00,,,,Caribbean,Martinique,Le Precheur,,,plant,stem,Eudicot,Solanales,Solanum,Solanum lycopersicum,,Tomato,Tomato,symptomatic,,IIA,IIA,7,match
RUN0775,PRJNA1196686,SRR31675783,,Available in Zenodo,02-177e,,189,5461000,61940,no,Wicker_et_al_2012,2002,2002-11-14 00:00:00,,,,Caribbean,Martinique,Trinite,,,plant,rhizome_dead_exudate,Monocot,Alismatales,Anthurium,Anthurium andreanum,Standard,Anthurium,Araceae,dead_rhizome,"one of multiple isolates from same host individual: RUN0775, RUN0782",IIA,-,38,unknown
RUN0776,PRJNA1196686,SRR31675782,,Available in Zenodo,02-194(3),C88,60,5552078,255443,yes,Wicker_et_al_2012,2002,2002-11-20 00:00:00,,,,Caribbean,Martinique,Le Lorrain,,,plant,stem_base_exudate,Eudicot,Solanales,Solanum,Solanum lycopersicum,Sumo,Tomato,Tomato,symptomatic,,IIB,IIB,4NPB,match
RUN0777,PRJNA1196686,SRR31675781,,Available in Zenodo,06-053(3),,65,5552150,236610,yes,Wicker_et_al_2012,2006,2006-12-15 00:00:00,,,,Caribbean,Martinique,Le Lorrain,,,plant,stem,Eudicot,Solanales,Solanum,Solanum americanum,,,Other Solanaceae,symptomatic,,IIB,IIB,4NPB,match
RUN0778,PRJNA1196686,SRR31675780,,Available in Zenodo,07-043 C8,,133,5699345,128803,yes,Wicker_et_al_2012,2007,2007-10-18 00:00:00,,,,Caribbean,Martinique,Le Lorrain,,,soil,,Environmental,Environmental,Soil,soil_banana_fallow,,,Environmental: Soil,,essai n°1; soil 07-031,I,I,,match
RUN0779,PRJNA1196686,SRR31675779,,Available in Zenodo,02-206,,82,5753127,196722,yes,Wicker_et_al_2012,2002,2002-07-17 00:00:00,,,,Caribbean,Martinique,Le Lamentin,,,plant,stem,Eudicot,Solanales,Solanum,Solanum lycopersicum,Heat Master,Tomato,Tomato,symptomatic,,IIB,IIA,,discrepancy
RUN0780,PRJNA1196686,SRR31675777,,Available in Zenodo,06-055(7),,66,5553270,210310,yes,Wicker_et_al_2012,2006,2006-12-15 00:00:00,,,,Caribbean,Martinique,Le Lorrain,,,plant,stem,Eudicot,Solanales,Solanum,Solanum americanum,,,Other Solanaceae,symptomatic,,IIB,IIB,4NPB,match
RUN0782,PRJNA1196686,SRR31675776,,Available in Zenodo,02-177r,,209,5461201,62096,no,Wicker_et_al_2012,2002,2002-11-14 00:00:00,,,,Caribbean,Martinique,Trinite,,,plant,rhizome_dead,Monocot,Alismatales,Anthurium,Anthurium andreanum,Standard,Anthurium,Araceae,dead_rhizome,"one of multiple isolates from same host individual: RUN0775, RUN0782",IIA,-,,unknown
RUN0783,PRJNA1196686,SRR31675775,,Available in Zenodo,07-049_RS35,,138,5673214,110714,yes,Wicker_et_al_2012,2007,2008-01-17 00:00:00,,,,Caribbean,Martinique,Le Lorrain,,,soil,,Environmental,Environmental,Soil,soil_banana_fallow,,,Environmental: Soil,,essai n°2; soil 07-031,I,I,,match
RUN0784,PRJNA1196686,SRR31675774,,Available in Zenodo,02-174(2),,186,5460798,63584,no,Wicker_et_al_2012,2002,2002-11-12 00:00:00,,,,Caribbean,Martinique,Le Lamentin,,,plant,stem,Monocot,Zingiberales,Canna,Canna indica,,Canna,Other Zingiberales,symptomatic,,IIA,-,,unknown
RUN0785,PRJNA1196686,SRR31675773,,Available in Zenodo,02-192,,146,5773207,109510,yes,Wicker_et_al_2012,2002,2002-11-20 00:00:00,,,,Caribbean,Martinique,Le Lorrain,,,plant,stem_base_exudate,Eudicot,Solanales,Capsicum,Capsicum sp.,chili Bonda Man Jacques,Chili pepper BMJ,Other Solanaceae,symptomatic,,I,I,,match
RUN0786,PRJNA1196686,SRR31675772,,Available in Zenodo,02-194(2),,63,5552844,282919,yes,Wicker_et_al_2012,2002,2002-11-20 00:00:00,,,,Caribbean,Martinique,Le Lorrain,,,plant,stem_base_exudate,Eudicot,Solanales,Solanum,Solanum lycopersicum,Sumo,Tomato,Tomato,symptomatic,,IIB,IIB,4NPB,match
RUN0787,PRJNA1196686,SRR31675771,,Available in Zenodo,07-049_RS34,,63,5553908,236610,yes,Wicker_et_al_2012,2007,2008-01-17 00:00:00,,,,Caribbean,Martinique,Le Lorrain,,,soil,,Environmental,Environmental,Soil,soil_banana_fallow,,,Environmental: Soil,,essai n°2; soil 07-031,IIB,IIB,4NPB,match
RUN0788,PRJNA1196686,SRR31675770,,Available in Zenodo,07-049_RS18,,67,5552805,236610,yes,Wicker_et_al_2012,2007,2008-01-17 00:00:00,,,,Caribbean,Martinique,Le Lorrain,,,soil,,Environmental,Environmental,Soil,soil_banana_fallow,,,Environmental: Soil,,essai n°2; soil 07-031,IIB,IIB,4NPB,match
RUN0789,PRJNA1196686,SRR31675769,,Available in Zenodo,07-049_RS33,,65,5554849,236610,yes,Wicker_et_al_2012,2007,2008-01-17 00:00:00,,,,Caribbean,Martinique,Le Lorrain,,,soil,,Environmental,Environmental,Soil,soil_banana_fallow,,,Environmental: Soil,,essai n°2; soil 07-031,IIB,IIB,4NPB,match
RUN0790,PRJNA1196686,SRR31675768,,Available in Zenodo,07-049_RS26,,67,5551872,202595,yes,Wicker_et_al_2012,2007,2008-01-17 00:00:00,,,,Caribbean,Martinique,Le Lorrain,,,soil,,Environmental,Environmental,Soil,soil_banana_fallow,,,Environmental: Soil,,essai n°2; soil 07-031,IIB,IIB,4NPB,match
RUN0791,PRJNA1196686,SRR31675766,,Available in Zenodo,07-049_RS20,,66,5551993,236610,yes,Wicker_et_al_2012,2007,2008-01-17 00:00:00,,,,Caribbean,Martinique,Le Lorrain,,,soil,,Environmental,Environmental,Soil,soil_banana_fallow,,,Environmental: Soil,,essai n°2; soil 07-031,IIB,IIB,4NPB,match
RUN0792,PRJNA1196686,SRR31675765,,Available in Zenodo,07-049_RS24,,135,5669437,110714,yes,Wicker_et_al_2012,2007,2008-01-17 00:00:00,,,,Caribbean,Martinique,Le Lorrain,,,soil,,Environmental,Environmental,Soil,soil_banana_fallow,,,Environmental: Soil,,essai n°2; soil 07-031,I,I,,match
RUN0793,PRJNA1196686,SRR31675764,,Available in Zenodo,07-049_RS38,,135,5699606,102340,yes,Wicker_et_al_2012,2007,2008-01-17 00:00:00,,,,Caribbean,Martinique,Le Lorrain,,,soil,,Environmental,Environmental,Soil,soil_banana_fallow,,,Environmental: Soil,,essai n°2; soil 07-031,I,I,,match
RUN0794,PRJNA1196686,SRR31675763,,Available in Zenodo,07-049_RS19,,83,5545659,153573,no,Wicker_et_al_2012,2007,2008-01-17 00:00:00,,,,Caribbean,Martinique,Le Lorrain,,,soil,,Environmental,Environmental,Soil,soil_banana_fallow,,,Environmental: Soil,,essai n°2; soil 07-031,IIB,-,4NPB,unknown
RUN0795,PRJNA1196686,SRR31675546,,Available in Zenodo,02-023(1),C11,73,5555080,205268,yes,Wicker_et_al_2012,2002,2002-10-02 00:00:00,,,,Caribbean,Martinique,Gros Morne,,,plant,rhizome,Monocot,Alismatales,Anthurium,Anthurium andreanum,Standard,Anthurium,Araceae,symptomatic,,IIB,IIB,4NPB,match
RUN0796,PRJNA1196686,SRR31675545,,Available in Zenodo,02-201(2),,138,5689576,100071,yes,Wicker_et_al_2012,2002,2002-11-20 00:00:00,,,,Caribbean,Martinique,Le Lorrain,,,plant,root,Eudicot,Apiales,Petroselinum,Petroselinum crispum,,Parsley,Other Asterids,symptomatic,,I,I,18,match
RUN0797,PRJNA1196686,SRR31675544,,Available in Zenodo,02-266(2),,196,5464352,64106,no,Wicker_et_al_2012,2002,2002-12-12 00:00:00,,,,Caribbean,Martinique,Gros Morne,,,plant,rhizome,Monocot,Alismatales,Anthurium,Anthurium andreanum,,Anthurium,Araceae,symptomatic,,IIA,-,,unknown
RUN0798,PRJNA1196686,SRR31675543,,Available in Zenodo,07-049_RS14,,131,5700724,110714,yes,Wicker_et_al_2012,2007,2008-01-17 00:00:00,,,,Caribbean,Martinique,Le Lorrain,,,soil,,Environmental,Environmental,Soil,soil_banana_fallow,,,Environmental: Soil,,essai n°2; soil 07-031,I,I,,match
RUN0799,PRJNA1196686,SRR31675542,,Available in Zenodo,07-049_RS13,,73,5556645,225527,yes,Wicker_et_al_2012,2007,2008-01-17 00:00:00,,,,Caribbean,Martinique,Le Lorrain,,,soil,,Environmental,Environmental,Soil,soil_banana_fallow,,,Environmental: Soil,,essai n°2; soil 07-031,IIB,IIB,4NPB,match
RUN0800,PRJNA1196686,SRR31675541,,Available in Zenodo,07-049_RS15,,130,5670975,100071,yes,Wicker_et_al_2012,2007,2008-01-17 00:00:00,,,,Caribbean,Martinique,Le Lorrain,,,soil,,Environmental,Environmental,Soil,soil_banana_fallow,,,Environmental: Soil,,essai n°2; soil 07-031,I,I,,match
RUN0801,PRJNA1196686,SRR31675539,,Available in Zenodo,02-269(2),,74,5553846,191433,yes,Wicker_et_al_2012,2002,2002-12-12 00:00:00,,,,Caribbean,Martinique,Basse Pointe,,,plant,root,Eudicot,Cucurbitales,Citrullus,Citrullus lanatus,,Watermelon,Cucurbits,symptomatic,,IIB,IIB,4NPB,match
RUN0802,PRJNA1196686,SRR31675538,,Available in Zenodo,07-049_RS9,,73,5547920,198678,yes,Wicker_et_al_2012,2007,2008-01-17 00:00:00,,,,Caribbean,Martinique,Le Lorrain,,,soil,,Environmental,Environmental,Soil,soil_banana_fallow,,,Environmental: Soil,,essai n°2; soil 07-031,IIB,IIB,4NPB,match
RUN0803,PRJNA1196686,SRR31675537,,Available in Zenodo,07-049_RS12,,136,5664270,99389,yes,Wicker_et_al_2012,2007,2008-01-17 00:00:00,,,,Caribbean,Martinique,Le Lorrain,,,soil,,Environmental,Environmental,Soil,soil_banana_fallow,,,Environmental: Soil,,essai n°2; soil 07-031,I,I,,match
RUN0804,PRJNA1196686,SRR31675536,,Available in Zenodo,07-049_RS16,,132,5971340,104024,yes,Wicker_et_al_2012,2007,2008-01-17 00:00:00,,,,Caribbean,Martinique,Le Lorrain,,,soil,,Environmental,Environmental,Soil,soil_banana_fallow,,,Environmental: Soil,,essai n°2; soil 07-031,I,I,,match
RUN0805,PRJNA1196686,SRR31675535,,Available in Zenodo,07-049_RS11,,133,5698041,110714,yes,Wicker_et_al_2012,2007,2008-01-17 00:00:00,,,,Caribbean,Martinique,Le Lorrain,,,soil,,Environmental,Environmental,Soil,soil_banana_fallow,,,Environmental: Soil,,essai n°2; soil 07-031,I,I,,match
RUN0806,PRJNA1196686,SRR31675534,,Available in Zenodo,07-049_RS28,,68,5549570,202595,yes,Wicker_et_al_2012,2007,2008-01-17 00:00:00,,,,Caribbean,Martinique,Le Lorrain,,,soil,,Environmental,Environmental,Soil,soil_banana_fallow,,,Environmental: Soil,,essai n°2; soil 07-031,IIB,IIB,4NPB,match
RUN0807,PRJNA1196686,SRR31675533,,Available in Zenodo,07-049_RS27,,137,5697925,110714,yes,Wicker_et_al_2012,2007,2008-01-17 00:00:00,,,,Caribbean,Martinique,Le Lorrain,,,soil,,Environmental,Environmental,Soil,soil_banana_fallow,,,Environmental: Soil,,essai n°2; soil 07-031,I,I,,match
RUN0808,PRJNA1196686,SRR31675532,,Available in Zenodo,07-049_RS21,,67,5550716,198994,yes,Wicker_et_al_2012,2007,2008-01-17 00:00:00,,,,Caribbean,Martinique,Le Lorrain,,,soil,,Environmental,Environmental,Soil,soil_banana_fallow,,,Environmental: Soil,,essai n°2; soil 07-031,IIB,IIB,4NPB,match
RUN0809,PRJNA1196686,SRR31675531,,Available in Zenodo,07-049_RS32,,66,5549080,202595,yes,Wicker_et_al_2012,2007,2008-01-17 00:00:00,,,,Caribbean,Martinique,Le Lorrain,,,soil,,Environmental,Environmental,Soil,soil_banana_fallow,,,Environmental: Soil,,essai n°2; soil 07-031,IIB,IIB,4NPB,match
RUN0810,PRJNA1196686,SRR31675530,,Available in Zenodo,07-049_RS10,,74,5555765,174378,yes,Wicker_et_al_2012,2007,2008-01-17 00:00:00,,,,Caribbean,Martinique,Le Lorrain,,,soil,,Environmental,Environmental,Soil,soil_banana_fallow,,,Environmental: Soil,,essai n°2; soil 07-031,IIB,IIB,4NPB,match
RUN0811,PRJNA1196686,SRR31675528,,Available in Zenodo,02-048,,145,5769698,110705,yes,Wicker_et_al_2012,2002,2002-10-04 00:00:00,"14,664711","-61,015307",96,Caribbean,Martinique,Morne Des Esses,,,plant,stem_base_exudate,Eudicot,Solanales,Solanum,Solanum melongena,Kalenda,Aubergine,Other Solanaceae,symptomatic,,I,I,18,match
RUN0812,PRJNA1196686,SRR31675527,,Available in Zenodo,02-036(1),,135,5649220,100071,yes,Wicker_et_al_2012,2002,2002-10-04 00:00:00,,,,Caribbean,Martinique,Marigot,,,plant,stem_base_exudate,Eudicot,Solanales,Capsicum,Capsicum annuum,bell,Bell pepper,Other Solanaceae,symptomatic,,I,I,,match
RUN0813,PRJNA1196686,SRR31675526,,Available in Zenodo,07-049_RS5,,67,5552212,192757,yes,Wicker_et_al_2012,2007,2008-01-17 00:00:00,,,,Caribbean,Martinique,Le Lorrain,,,soil,,Environmental,Environmental,Soil,soil_banana_fallow,,,Environmental: Soil,,essai n°2; soil 07-031,IIB,IIB,4NPB,match
RUN0814,PRJNA1196686,SRR31675525,,Available in Zenodo,07-043 C23,,130,5701515,113563,yes,Wicker_et_al_2012,2007,2007-10-18 00:00:00,,,,Caribbean,Martinique,Le Lorrain,,,soil,,Environmental,Environmental,Soil,soil_banana_fallow,,,Environmental: Soil,,essai n°1; soil 07-031,I,I,,match
RUN0815,PRJNA1196686,SRR31675524,,Available in Zenodo,07-022(4),,66,5548705,218620,yes,Wicker_et_al_2012,2007,2007-06-26 00:00:00,,,,Caribbean,Martinique,Basse Pointe,,,plant,stem_base,Eudicot,Solanales,Solanum,Solanum lycopersicum,Gito,Tomato,Tomato,symptomatic,,IIB,IIB,4NPB,match
RUN0816,PRJNA1196686,SRR31675523,,Available in Zenodo,02-142(6),,67,5551750,255077,yes,Wicker_et_al_2012,2002,2002-10-26 00:00:00,,,,Caribbean,Martinique,Sainte Anne,,,plant,stem,Eudicot,Cucurbitales,Cucumis,Cucumis sativus,,Cucumber,Cucurbits,symptomatic,,IIB,IIB,4NPB,match
RUN0817,PRJNA1196686,SRR31675426,,Available in Zenodo,07-016,,104,5595197,172930,yes,Wicker_et_al_2012,2007,2007-06-06 00:00:00,,,,Caribbean,Martinique,Le Precheur,,,plant,stem_base,Eudicot,Solanales,Solanum,Solanum lycopersicum,Inro,Tomato,Tomato,symptomatic,,IIA,IIA,38,match
RUN0818,PRJNA1196686,SRR31675425,,Available in Zenodo,02-145,,83,5671724,284401,yes,Wicker_et_al_2012,2002,2002-10-26 00:00:00,,,,Caribbean,Martinique,Riviere Pilote,,,plant,stem_base_exudate,Eudicot,Solanales,Solanum,Solanum lycopersicum,Heat Master,Tomato,Tomato,symptomatic,,IIA,IIA,,match
RUN0819,PRJNA1196686,SRR31675424,,Available in Zenodo,07-022(2),,162,5857918,90663,yes,Wicker_et_al_2012,2007,2007-06-26 00:00:00,,,,Caribbean,Martinique,Basse Pointe,,,plant,stem_base,Eudicot,Solanales,Solanum,Solanum lycopersicum,Heat Master,Tomato,Tomato,symptomatic,,I,I,18,match
RUN0820,PRJNA1196686,SRR31675423,,Available in Zenodo,07-043 C6,,133,5700390,110714,yes,Wicker_et_al_2012,2007,2007-10-18 00:00:00,,,,Caribbean,Martinique,Le Lorrain,,,soil,,Environmental,Environmental,Soil,soil_banana_fallow,,,Environmental: Soil,,essai n°1; soil 07-031,I,I,,match
RUN0821,PRJNA1196686,SRR31675421,,Available in Zenodo,03-075,,126,5621167,126442,yes,Wicker_et_al_2012,2003,2003-02-05 00:00:00,,,,Caribbean,Martinique,Macouba,,,plant,stem_base,Eudicot,Cucurbitales,Cucurbita,Cucurbita pepo,,Courgette,Cucurbits,symptomatic,,I,I,18,match
RUN0822,PRJNA1196686,SRR31675420,,Available in Zenodo,07-043 C27,,131,5701995,126442,yes,Wicker_et_al_2012,2007,2007-10-18 00:00:00,,,,Caribbean,Martinique,Le Lorrain,,,soil,,Environmental,Environmental,Soil,soil_banana_fallow,,,Environmental: Soil,,essai n°1; soil 07-031,IIB,I,18,discrepancy
RUN0823,PRJNA1196686,SRR31675419,,Available in Zenodo,02-096,,68,5551020,202595,yes,Wicker_et_al_2012,2002,2002-10-11 00:00:00,"14,772399999999999","-61,136110000000002",400,Caribbean,Martinique,Morne Rouge,,,plant,rhizome,Monocot,Alismatales,Anthurium,Anthurium andreanum,Hybrid,Anthurium,Araceae,symptomatic,,IIB,IIB,4NPB,match
RUN0824,PRJNA1196686,SRR31675418,,Available in Zenodo,02-143(2),,72,5553831,236610,yes,Wicker_et_al_2012,2002,2002-10-26 00:00:00,,,,Caribbean,Martinique,Sainte Anne,,,plant,stem_base_exudate,Eudicot,Solanales,Solanum,Solanum lycopersicum,Hwave,Tomato,Tomato,symptomatic,,IIB,IIB,4NPB,match
RUN0825,PRJNA1196686,SRR31675417,,Available in Zenodo,02-167,,147,5695404,103029,yes,Wicker_et_al_2012,2002,2002-11-08 00:00:00,,,,Caribbean,Martinique,Le Lamentin,,,plant,stem_base_exudate,Eudicot,Solanales,Solanum,Solanum lycopersicum,Heat Master,Tomato,Tomato,symptomatic,,I,I,18,match
RUN0826,PRJNA1196686,SRR31675416,,Available in Zenodo,07-049_RS3,,133,5672230,110714,yes,Wicker_et_al_2012,2007,2008-01-17 00:00:00,,,,Caribbean,Martinique,Le Lorrain,,,soil,,Environmental,Environmental,Soil,soil_banana_fallow,,,Environmental: Soil,,essai n°2; soil 07-031,I,I,,match
RUN0827,PRJNA1196686,SRR31675415,,Available in Zenodo,07-049_RS1,,70,5550559,202595,yes,Wicker_et_al_2012,2007,2008-01-17 00:00:00,,,,Caribbean,Martinique,Le Lorrain,,,soil,,Environmental,Environmental,Soil,soil_banana_fallow,,,Environmental: Soil,,essai n°2; soil 07-031,IIB,IIB,4NPB,match
RUN0828,PRJNA1196686,SRR31675414,,Available in Zenodo,07-012(2),,70,5552800,218700,yes,Wicker_et_al_2012,2007,2007-04-27 00:00:00,,,,Caribbean,Martinique,Trinite ,,,plant,stem_base,Eudicot,Solanales,Solanum,Solanum lycopersicum,Heat Master,Tomato,Tomato,symptomatic,,IIB,IIB,4NPB,match
RUN0829,PRJNA1196686,SRR31675413,,Available in Zenodo,07-043 C34,,128,5694680,102434,yes,Wicker_et_al_2012,2007,2007-10-18 00:00:00,,,,Caribbean,Martinique,Le Lorrain,,,soil,,Environmental,Environmental,Soil,soil_banana_fallow,,,Environmental: Soil,,essai n°1; soil 07-031,I,I,,match
RUN0830,PRJNA1196686,SRR31675412,,Available in Zenodo,07-043 C40,,146,5694626,99413,yes,Wicker_et_al_2012,2007,2007-10-18 00:00:00,,,,Caribbean,Martinique,Le Lorrain,,,soil,,Environmental,Environmental,Soil,soil_banana_fallow,,,Environmental: Soil,,essai n°1; soil 07-031,I,I,,match
RUN0831,PRJNA1196686,SRR31675410,,Available in Zenodo,07-049_RS31,,70,5549454,181882,no,Wicker_et_al_2012,2007,2008-01-17 00:00:00,,,,Caribbean,Martinique,Le Lorrain,,,soil,,Environmental,Environmental,Soil,soil_banana_fallow,,,Environmental: Soil,,essai n°2; soil 07-031,IIB,-,4,unknown
RUN0832,PRJNA1196686,SRR31675409,,Available in Zenodo,02-146,,83,5742018,188355,yes,Wicker_et_al_2012,2002,2002-10-26 00:00:00,,,,Caribbean,Martinique,Riviere Pilote,,,plant,stem_base_exudate,Eudicot,Solanales,Solanum,Solanum lycopersicum,Heat Master,Tomato,Tomato,symptomatic,,IIA,IIA,39,match
RUN0833,PRJNA1196686,SRR31675408,,Available in Zenodo,07-049_RS2,,66,5548407,202595,yes,Wicker_et_al_2012,2007,2008-01-17 00:00:00,,,,Caribbean,Martinique,Le Lorrain,,,soil,,Environmental,Environmental,Soil,soil_banana_fallow,,,Environmental: Soil,,essai n°2; soil 07-031,IIB,IIB,4NPB,match
RUN0834,PRJNA1196686,SRR31675407,,Available in Zenodo,07-049_RS25,,134,5695011,100071,yes,Wicker_et_al_2012,2007,2008-01-17 00:00:00,,,,Caribbean,Martinique,Le Lorrain,,,soil,,Environmental,Environmental,Soil,soil_banana_fallow,,,Environmental: Soil,,essai n°2; soil 07-031,I,I,,match
RUN0835,PRJNA1196686,SRR31675406,,Available in Zenodo,07-049_A9,,163,5656978,88756,no,Wicker_et_al_2012,2007,2008-01-17 00:00:00,,,,Caribbean,Martinique,Le Lorrain,,,soil,,Environmental,Environmental,Soil,soil_banana_fallow,,,Environmental: Soil,,essai n°2; soil 07-031,I,-,,unknown
RUN0836,PRJNA1196686,SRR31675405,,Available in Zenodo,07-049_RS41,,71,5549266,192677,yes,Wicker_et_al_2012,2007,2008-01-17 00:00:00,,,,Caribbean,Martinique,Le Lorrain,,,soil,,Environmental,Environmental,Soil,soil_banana_fallow,,,Environmental: Soil,,essai n°2; soil 07-031,IIB,IIB,4NPB,match
RUN0837,PRJNA1196686,SRR31675404,,Available in Zenodo,07-049_RS4,,138,5699504,103177,yes,Wicker_et_al_2012,2007,2008-01-17 00:00:00,,,,Caribbean,Martinique,Le Lorrain,,,soil,,Environmental,Environmental,Soil,soil_banana_fallow,,,Environmental: Soil,,essai n°2; soil 07-031,I,I,,match
RUN0838,PRJNA1196686,SRR31675403,,Available in Zenodo,07-049_RS37,,153,5689258,110714,no,Wicker_et_al_2012,2007,2008-01-17 00:00:00,,,,Caribbean,Martinique,Le Lorrain,,,soil,,Environmental,Environmental,Soil,soil_banana_fallow,,,Environmental: Soil,,essai n°2; soil 07-031,I,-,,unknown
RUN0839,PRJNA1196686,SRR31675642,,Available in Zenodo,07-049_RS40,,198,5679771,72895,no,Wicker_et_al_2012,2007,2008-01-17 00:00:00,,,,Caribbean,Martinique,Le Lorrain,,,soil,,Environmental,Environmental,Soil,soil_banana_fallow,,,Environmental: Soil,,essai n°2; soil 07-031,I,-,,unknown
RUN0840,PRJNA1196686,SRR31675641,,Available in Zenodo,07-049_RS29,,71,5549553,218617,yes,Wicker_et_al_2012,2007,2008-01-17 00:00:00,,,,Caribbean,Martinique,Le Lorrain,,,soil,,Environmental,Environmental,Soil,soil_banana_fallow,,,Environmental: Soil,,essai n°2; soil 07-031,IIB,IIB,4NPB,match
RUN0841,PRJNA1196686,SRR31675639,,Available in Zenodo,07-049_RS30,,80,5545060,157694,yes,Wicker_et_al_2012,2007,2008-01-17 00:00:00,,,,Caribbean,Martinique,Le Lorrain,,,soil,,Environmental,Environmental,Soil,soil_banana_fallow,,,Environmental: Soil,,essai n°2; soil 07-031,IIB,IIB,4NPB,match
RUN0984,PRJNA1196686,SRR31675638,,Available in Zenodo,05-020,,125,5535331,92607,no,Wicker_et_al_2012,2005,2005-03-18 00:00:00,,,,Caribbean,Martinique,Gros Morne,,,water_river_baited,stem,Environmental,Environmental,Water,water_river_baited_Solanum,Roma,Tomato,Environmental: Water,,River water passaged through tomato,IIB,-,4NPB,unknown
RUN0985,PRJNA1196686,SRR31675637,,Available in Zenodo,07-012(3),,64,5549329,236610,yes,Wicker_et_al_2012,2007,2007-04-27 00:00:00,,,,Caribbean,Martinique,Trinite ,,,plant,stem_base,Eudicot,Solanales,Solanum,Solanum lycopersicum,Heat Master,Tomato,Tomato,symptomatic,,IIB,IIB,4NPB,match
RUN1028,PRJNA1196686,SRR31675636,,Available in Zenodo,RS24,,74,5580988,281771,yes,Wicker_et_al_2012,1997,,,,,Caribbean,Martinique,Le Lamentin,,,plant,,Eudicot,Solanales,Solanum,Solanum lycopersicum,,Tomato,Tomato,symptomatic,,IIA,IIA,35,match
RUN1035,PRJNA1196686,SRR31675635,,Available in Zenodo,RS23,,7659,32212016,15932,no,Wicker_et_al_2012,1997,,,,,Caribbean,Martinique,Le Lamentin,,,plant,,Eudicot,Solanales,Solanum,Solanum lycopersicum,,Tomato,Tomato,symptomatic,,I,-,,unknown
RUN1043,PRJNA1196686,SRR31675634,,Available in Zenodo,03-219,,142,5800277,110714,yes,Wicker_et_al_2012,2003,,,,,Caribbean,Martinique,Le Lamentin,,,plant,stem,,,Unidentified,Unidentified_weed,,,,asymptomatic,,I,I,,match
RUN1044,PRJNA1196686,SRR31675633,,Available in Zenodo,03-224,,133,5705228,124404,yes,Wicker_et_al_2012,2003,,,,,Caribbean,Martinique,Le Lamentin,,,plant,stem,Eudicot,Solanales,Capsicum,Capsicum sp.,chili,Chili pepper,Other Solanaceae,symptomatic,,I,I,18,match
RUN1045,PRJNA1196686,-,,Available in Zenodo,03-230,L2003MA5 00-449/40/1,,,,no,Wicker_et_al_2012,2003,,,,,Caribbean,Martinique,Le Lamentin,,,plant,leaf,Monocot,Zingiberales,Musa,Musa acuminata x balbisiana AAA,VP Cavendish,Banana,Musa,atypical_symptoms,,IIB,-,4NPB,unknown
RUN1046,PRJNA1196686,SRR31675632,,Available in Zenodo,05-011(2),,59,5547410,236610,yes,Wicker_et_al_2012,2005,2005-03-18 00:00:00,,,,Caribbean,Martinique,Gros Morne,,,water_river_baited,stem,Environmental,Environmental,Water,water_river_baited_Solanum,Roma,Tomato,Environmental: Water,,River water passaged through tomato,IIB,IIB,4NPB,match
RUN1052,PRJNA1196686,SRR31675631,,Available in Zenodo,07-012(5),,58,5551178,236610,yes,Wicker_et_al_2012,2007,2007-04-27 00:00:00,,,,Caribbean,Martinique,Trinite ,,,plant,stem_base,Eudicot,Solanales,Solanum,Solanum lycopersicum,Heat Master,Tomato,Tomato,symptomatic,,IIB,IIB,4NPB,match
RUN1059,PRJNA1196686,-,,Available in Zenodo,05-007(4),,,,,no,Wicker_et_al_2012,2005,,,,,Caribbean,Martinique,Le Carbet,,,plant,,Eudicot,Solanales,Solanum,Solanum lycopersicum,,Tomato,Tomato,symptomatic,,I,-,18,unknown
RUN1061,PRJNA1196686,SRR31675630,,Available in Zenodo,05-011(6),,59,5548724,236610,yes,Wicker_et_al_2012,2005,2005-03-18 00:00:00,,,,Caribbean,Martinique,Ducos,,,water_lake_baited_Solanum,stem,Environmental,Environmental,Water,water_lake_baited_Solanum,Roma,Tomato,Environmental: Water,,Lake water passaged through tomato,IIB,IIB,4NPB,match
RUN1062,PRJNA1196686,SRR31675627,,Available in Zenodo,05-019(1),,60,5549098,261272,yes,Wicker_et_al_2012,2005,2005-03-18 00:00:00,,,,Caribbean,Martinique,Ducos,,,water_lake_baited_Solanum,stem,Environmental,Environmental,Water,water_lake_baited_Solanum,Roma,Tomato,Environmental: Water,,Lake water passaged through tomato,IIB,IIB,4NPB,match
RUN1063,PRJNA1196686,SRR31675626,,Available in Zenodo,05-011(4),,281,5713078,202595,no,Wicker_et_al_2012,2005,2005-03-18 00:00:00,,,,Caribbean,Martinique,Ducos,,,water_lake_baited_Solanum,stem,Environmental,Environmental,Water,water_lake_baited_Solanum,Roma,Tomato,Environmental: Water,,Lake water passaged through tomato,IIB,-,4NPB,unknown
RUN1064,PRJNA1196686,SRR31675625,,Available in Zenodo,05-011(5),,68,5551003,202595,yes,Wicker_et_al_2012,2005,2005-03-18 00:00:00,,,,Caribbean,Martinique,Ducos,,,water_lake_baited_Solanum,stem,Environmental,Environmental,Water,water_lake_baited_Solanum,Roma,Tomato,Environmental: Water,,Lake water passaged through tomato,IIB,IIB,4NPB,match
RUN1065,PRJNA1196686,SRR31675624,,Available in Zenodo,07-043 C13,,117,5668289,129443,yes,Wicker_et_al_2012,2007,2007-10-18 00:00:00,,,,Caribbean,Martinique,Le Lorrain,,,soil,,Environmental,Environmental,Soil,soil_banana_fallow,,,Environmental: Soil,,essai n°1; soil 07-031,I,I,,match
RUN1066,PRJNA1196686,SRR31675623,,Available in Zenodo,05-011(3),,10997,27968725,41546,no,Wicker_et_al_2012,2005,2005-03-18 00:00:00,,,,Caribbean,Martinique,Ducos,,,water_lake_baited_Solanum,stem,Environmental,Environmental,Water,water_lake_baited_Solanum,Roma,Tomato,Environmental: Water,,Lake water passaged through tomato,IIB,-,4NPB,unknown
RUN1067,PRJNA1196686,SRR31675622,,Available in Zenodo,07-013(2),,8305,44493519,28223,no,Wicker_et_al_2012,2007,2007-04-27 00:00:00,,,,Caribbean,Martinique,Trinite ,,,plant,stem_base,Eudicot,Solanales,Capsicum,Capsicum annuum,bell,Bell pepper,Other Solanaceae,symptomatic,,IIB,-,4NPB,unknown
RUN1068,PRJNA1196686,SRR31675621,,Available in Zenodo,03-217,,135,5800206,124404,yes,Wicker_et_al_2012,2003,,,,,Caribbean,Martinique,Le Lamentin,,,plant,stem,Eudicot,Solanales,Physalis,Physalis angulata,,Physalis,Other Solanaceae,asymptomatic,,I,I,18,match
RUN1069,PRJNA1196686,SRR31675620,,Available in Zenodo,02-195(3),,58,5551158,298568,yes,Wicker_et_al_2012,2002,2002-11-20 00:00:00,,,,Caribbean,Martinique,Le Lorrain,,,plant,stem_base_exudate,Eudicot,Solanales,Solanum,Solanum lycopersicum,Heat Master,Tomato,Tomato,symptomatic,,IIB,IIB,4NPB,match
RUN1070,PRJNA1196686,SRR31675619,,Available in Zenodo,02-268,,60,5549578,282715,yes,Wicker_et_al_2012,2002,2002-12-12 00:00:00,,,,Caribbean,Martinique,Basse Pointe,,,plant,stem,Eudicot,Solanales,Solanum,Solanum lycopersicum,Heat Master,Tomato,Tomato,symptomatic,,IIB,IIB,4NPB,match
RUN1072,PRJNA1196686,SRR31675762,,Available in Zenodo,04-005,,61,5550860,282928,yes,Wicker_et_al_2012,2004,,,,,Caribbean,Martinique,Le Francois,,,plant,stem_base,Eudicot,Cucurbitales,Cucumis,Cucumis sativus,,Cucumber,Cucurbits,symptomatic,,IIB,IIB,4NPB,match
RUN1075,PRJNA1196686,SRR31675760,,Available in Zenodo,07-014(11),,58,5552572,355435,yes,Wicker_et_al_2012,2007,2007-04-27 00:00:00,,,,Caribbean,Martinique,Trinite ,,,plant,stem_base,Eudicot,Solanales,Solanum,Solanum lycopersicum,,Tomato,Tomato,symptomatic,,IIB,IIB,4NPB,match
RUN1076,PRJNA1196686,SRR31675759,,Available in Zenodo,07-013(3),,239,14985990,203582,no,Wicker_et_al_2012,2007,2007-04-27 00:00:00,,,,Caribbean,Martinique,Trinite ,,,plant,stem_base,Eudicot,Solanales,Capsicum,Capsicum annuum,bell,Bell pepper,Other Solanaceae,symptomatic,,IIB,-,4NPB,unknown
RUN1078,PRJNA1196686,SRR31675758,,Available in Zenodo,07-014(5),,5990,25404844,17183,no,Wicker_et_al_2012,2007,2007-04-27 00:00:00,,,,Caribbean,Martinique,Trinite ,,,plant,stem_base,Eudicot,Solanales,Solanum,Solanum lycopersicum,,Tomato,Tomato,symptomatic,,IIB,-,4NPB,unknown
RUN1079,PRJNA1196686,SRR31675757,,Available in Zenodo,05-109,,266,14972555,177172,no,Wicker_et_al_2012,2005,2005-07-26 00:00:00,,,,Caribbean,Martinique,Le Lamentin,,,plant,stem_exudate,Eudicot,Solanales,Solanum,Solanum lycopersicum,Heat Master,Tomato,Tomato,symptomatic,pot,IIB,-,4NPB,unknown
RUN1080,PRJNA1196686,SRR31675756,,Available in Zenodo,02-270,,126,5725186,129450,yes,Wicker_et_al_2012,2002,2002-12-12 00:00:00,,,,Caribbean,Martinique,Le Lorrain,,,plant,stem,Eudicot,Solanales,Capsicum,Capsicum sp.,chili Caribbean,Chili pepper caribbean,Other Solanaceae,symptomatic,,,I,,unknown
RUN1081,PRJNA1196686,SRR31675755,,Available in Zenodo,07-012(1),,68,5552856,283817,yes,Wicker_et_al_2012,2007,2007-04-27 00:00:00,,,,Caribbean,Martinique,Trinite ,,,plant,stem_base,Eudicot,Solanales,Solanum,Solanum lycopersicum,Heat Master,Tomato,Tomato,symptomatic,,IIB,IIB,4NPB,match
RUN1082,PRJNA1196686,SRR31675754,,Available in Zenodo,07-014(1),,62,5550943,282919,yes,Wicker_et_al_2012,2007,2007-04-27 00:00:00,,,,Caribbean,Martinique,Trinite ,,,plant,stem_base,Eudicot,Solanales,Solanum,Solanum lycopersicum,,Tomato,Tomato,symptomatic,,IIB,IIB,4NPB,match
RUN1083,PRJNA1196686,SRR31675753,,Available in Zenodo,06-002 Btige,06-002B Haut tige,65,5550648,282919,yes,Wicker_et_al_2012,2006,2006-01-10 00:00:00,,,,Caribbean,Martinique,Macouba,,,plant,stem_upper,Monocot,Zingiberales,Heliconia,Heliconia caribea,,Heliconia,Other Zingiberales,symptomatic,,IIA,IIB,4NPB,discrepancy
RUN1084,PRJNA1196686,SRR31675752,,Available in Zenodo,03-221,,3014,23951808,53835,no,Wicker_et_al_2012,2003,,,,,Caribbean,Martinique,Le Lamentin,,,plant,stem,Eudicot,Solanales,Solanum,Solanum torvum,,,Other Solanaceae,asymptomatic,,I,-,18,unknown
RUN1085,PRJNA1196686,SRR31675751,,Available in Zenodo,DT4-D2-24H,L2005MA530012/5,2293,12051763,228606,no,Wicker_et_al_2012,2005,,,,,Caribbean,Martinique,Gros Morne,,,water_river,,Environmental,Environmental,Water,water_river,,,Environmental: Water,,Water (lezarde river),IIB,-,4NPB,unknown
RUN1088,PRJNA1196686,SRR31675749,,Available in Zenodo,03-230,L2003MA5 00-449/40/1,258,14982469,224185,no,Wicker_et_al_2012,2003,,,,,Caribbean,Martinique,Le Lamentin,,,plant,leaf,Monocot,Zingiberales,Musa,Musa acuminata x balbisiana AAA,VP Cavendish,Banana,Musa,atypical_symptoms,,IIB,-,4NPB,unknown
RUN1089,PRJNA1196686,SRR31675748,,Available in Zenodo,02-005(1),C1,5998,35300795,36947,no,Wicker_et_al_2012,2002,2002-09-10 00:00:00,,,,Caribbean,Martinique,Saint Joseph,,,plant,stem_exudate,Monocot,Alismatales,Anthurium,Anthurium andreanum,Hybrid,Anthurium,Araceae,symptomatic,,IIB,-,4NPB,unknown
RUN1090,PRJNA1196686,SRR31675747,,Available in Zenodo,03-080,,3400,33673210,36104,no,Wicker_et_al_2012,2003,2003-02-05 00:00:00,,,,Caribbean,Martinique,Macouba,,,plant,,Eudicot,Solanales,Solanum,Solanum americanum,,,Other Solanaceae,asymptomatic,,I,-,18,unknown
RUN1091,PRJNA1196686,SRR31675746,,Available in Zenodo,02-041,,136,5761033,113600,yes,Wicker_et_al_2012,2002,2002-10-04 00:00:00,,,,Caribbean,Martinique,Marigot,,,plant,stem_base_exudate,Eudicot,Solanales,Capsicum,Capsicum sp.,chili Bonda Man Jacques,Chili pepper BMJ,Other Solanaceae,symptomatic,,I,I,,match
RUN1092,PRJNA1196686,SRR31675745,,Available in Zenodo,02-051,,138,5813743,136664,yes,Wicker_et_al_2012,2002,2002-10-04 00:00:00,"14,664711","-61,015307",96,Caribbean,Martinique,Morne Des Esses,,,plant,stem,Eudicot,Solanales,Solanum,Solanum melongena,Kalenda,Aubergine,Other Solanaceae,symptomatic,,I,I,,match
RUN1093,PRJNA1196686,SRR31675744,,Available in Zenodo,03-224,,135,5704206,110714,yes,Wicker_et_al_2012,2003,,,,,Caribbean,Martinique,Le Lamentin,,,plant,stem,Eudicot,Solanales,Capsicum,Capsicum sp.,chili,Chili pepper,Other Solanaceae,symptomatic,,I,I,,match
RUN1094,PRJNA1196686,SRR31675743,,Available in Zenodo,DT4-D2-4H,,64,5550421,317571,yes,Wicker_et_al_2012,2005,,,,,Caribbean,Martinique,Gros Morne,,,water_river,,Environmental,Environmental,Water,water_river,,,Environmental: Water,,Water (lezarde river),IIB,IIB,4NPB,match
RUN1095,PRJNA1196686,SRR31675742,,Available in Zenodo,SPV94-0431,PV7,86,5756563,226315,yes,Wicker_et_al_2012,1994,1994-01-01 00:00:00,,,,Caribbean,Martinique,Sainte Marie,,,plant,stem,Eudicot,Solanales,Capsicum,Capsicum annuum,bell,Bell pepper,Other Solanaceae,symptomatic,,IIA,IIA,,match
RUN1096,PRJNA1196686,SRR31675741,,Available in Zenodo,SPV02-60196,PV1,62,5548438,236610,yes,Wicker_et_al_2012,2002,2002-02-01 00:00:00,,,,Caribbean,Martinique,Le Francois,,,plant,stem_base,Eudicot,Cucurbitales,Cucumis,Cucumis melo,,Cantaloupe,Cucurbits,symptomatic,,IIB,IIB,4NPB,match
RUN1097,PRJNA1196686,SRR31675740,,Available in Zenodo,SPV-02-30124,PV4,185,5450619,63899,no,Wicker_et_al_2012,2002,,,,,Caribbean,Martinique,Vauclin,,,plant,,Monocot,Alismatales,Anthurium,Anthurium andreanum,,Anthurium,Araceae,symptomatic,,IIA,-,,unknown
RUN1098,PRJNA1196686,SRR31675522,,Available in Zenodo,SPV02-60020,PV11,65,5548222,261272,yes,Wicker_et_al_2012,2002,2002-02-01 00:00:00,,,,Caribbean,Martinique,Saint Joseph,,,plant,rhizome,Monocot,Alismatales,Anthurium,Anthurium andreanum,,Anthurium,Araceae,symptomatic,,IIB,IIB,4NPB,match
RUN1099,PRJNA1196686,SRR31675521,,Available in Zenodo,02-196(1),C92,63,5550713,236610,yes,Wicker_et_al_2012,2002,2002-11-20 00:00:00,,,,Caribbean,Martinique,Le Lorrain,,,plant,stem_base_exudate,Eudicot,Solanales,Solanum,Solanum lycopersicum,Heat Master,Tomato,Tomato,symptomatic,,IIB,IIB,4NPB,match
RUN1100,PRJNA1196686,SRR31675520,,Available in Zenodo,SPV93-0184,PV5,57,5468717,242513,yes,Wicker_et_al_2012,1993,1993-01-01 00:00:00,,,,Caribbean,Martinique,Sainte Marie,,,plant,stem,Eudicot,Solanales,Solanum,Solanum lycopersicum,,Tomato,Tomato,symptomatic,,IIA,IIA,,match
RUN1101,PRJNA1196686,SRR31675519,,Available in Zenodo,02-040,,130,5702539,129447,yes,Wicker_et_al_2012,2002,2002-10-04 00:00:00,,,,Caribbean,Martinique,Marigot,,,plant,stem_base_exudate,Eudicot,Solanales,Capsicum,Capsicum sp.,chili Bonda Man Jacques,Chili pepper BMJ,Other Solanaceae,symptomatic,,I,I,,match
RUN1102,PRJNA1196686,SRR31675518,,Available in Zenodo,02-043,,133,5780218,137643,yes,Wicker_et_al_2012,2002,2002-10-04 00:00:00,,,,Caribbean,Martinique,Marigot,,,plant,stem_base_exudate,Eudicot,Solanales,Capsicum,Capsicum sp.,chili Bonda Man Jacques,Chili pepper BMJ,Other Solanaceae,symptomatic,,I,I,,match
RUN1103,PRJNA1196686,SRR31675517,,Available in Zenodo,03-086(2),,139,5765003,129442,yes,Wicker_et_al_2012,2003,2003-02-25 00:00:00,,,,Caribbean,Martinique,Gros Morne,,,plant,rhizome,Monocot,Alismatales,Anthurium,Anthurium andreanum,,Anthurium,Araceae,symptomatic,,IIB,I,18,discrepancy
RUN1104,PRJNA1196686,SRR31675516,,Available in Zenodo,02-026,,61,5550690,236610,yes,Wicker_et_al_2012,2002,2002-10-02 00:00:00,,,,Caribbean,Martinique,Gros Morne,,,plant,leaf,Monocot,Alismatales,Anthurium,Anthurium andreanum,Standard,Anthurium,Araceae,symptomatic,,IIB,IIB,4NPB,match
RUN1105,PRJNA1196686,SRR31675515,,Available in Zenodo,03-230,L2003MA5 00-449/40/1,60,5552923,306241,yes,Wicker_et_al_2012,2003,,,,,Caribbean,Martinique,Le Lamentin,,,plant,leaf,Monocot,Zingiberales,Musa,Musa acuminata x balbisiana AAA,VP Cavendish,Banana,Musa,atypical_symptoms,,IIB,IIB,4NPB,match
RUN1106,PRJNA1196686,SRR31675514,,Available in Zenodo,02-037,,144,5828866,103076,yes,Wicker_et_al_2012,2002,2002-10-04 00:00:00,,,,Caribbean,Martinique,Marigot,,,plant,stem_base_exudate,Eudicot,Solanales,Capsicum,Capsicum sp.,sweet chili,Sweet chili pepper,Other Solanaceae,symptomatic,,I,I,,match
RUN1112,PRJNA1196686,SRR31675513,,Available in Zenodo,RS29,,74,5624780,281771,yes,Wicker_et_al_2012,1997,,,,,Caribbean,Martinique,Le Lamentin,,,plant,,Eudicot,Solanales,Solanum,Solanum lycopersicum,,Tomato,Tomato,symptomatic,,IIA,IIA,,match
RUN1121,PRJNA1196686,SRR31675511,,Available in Zenodo,05-019(2),,65,5547211,202595,yes,Wicker_et_al_2012,2005,2005-03-18 00:00:00,,,,Caribbean,Martinique,Ducos,,,water_lake_baited_Solanum,stem,Environmental,Environmental,Water,water_lake_baited_Solanum,Roma,Tomato,Environmental: Water,,Lake water passaged through tomato,IIB,IIB,4NPB,match
RUN1124,PRJNA1196686,SRR31675510,,Available in Zenodo,03-006,JY205,2836,17844643,153587,no,Wicker_et_al_2012,2003,2002-04-18 00:00:00,,,,Caribbean,Martinique,Saint Esprit,,,plant,stem,Eudicot,Cucurbitales,Cucurbita,Cucurbita moschata,Phoenix,Pumpkin,Cucurbits,symptomatic,,IIB,-,4NPB,unknown
RUN1125,PRJNA1196686,SRR31675509,,Available in Zenodo,03-226,,164,5300211,87252,yes,Wicker_et_al_2012,2003,,,,,Caribbean,Martinique,Le Precheur,,,plant,stem,Eudicot,Solanales,Solanum,Solanum lycopersicum,,Tomato,Tomato,symptomatic,,IIA,IIA,,match
RUN1126,PRJNA1196686,SRR31675508,,Available in Zenodo,03-229,,142,5721322,129444,yes,Wicker_et_al_2012,2003,2003-11-14 00:00:00,,,,Caribbean,Martinique,Sainte Anne,,,plant,stem,Eudicot,Solanales,Solanum,Solanum lycopersicum,Heat Master,Tomato,Tomato,symptomatic,,I,I,18,match
RUN1127,PRJNA1196686,SRR31675507,,Available in Zenodo,SPV01-60363,03-005; JY204,57,5550723,282805,yes,Wicker_et_al_2012,2001,,,,,Caribbean,Martinique,,,,plant,,Eudicot,Solanales,Solanum,Solanum lycopersicum,,Tomato,Tomato,symptomatic,,IIB,IIB,4NPB,match
RUN1128,PRJNA1196686,SRR31675506,,Available in Zenodo,07-019(5),,159,5256848,89230,yes,Wicker_et_al_2012,2007,2007-06-08 00:00:00,,,,Caribbean,Martinique,Basse Pointe,,,plant,stem_base,Eudicot,Solanales,Solanum,Solanum lycopersicum,Inro,Tomato,Tomato,symptomatic,,IIA,IIA,,match
RUN1129,PRJNA1196686,SRR31675505,,Available in Zenodo,07-022(6),,162,5267304,89382,yes,Wicker_et_al_2012,2007,2007-06-26 00:00:00,,,,Caribbean,Martinique,Basse Pointe,,,plant,stem_base,Eudicot,Solanales,Solanum,Solanum lycopersicum,L22,Tomato,Tomato,symptomatic,,IIA,IIA,,match
RUN1130,PRJNA1196686,SRR31675504,,Available in Zenodo,07-021,,60,5550982,306068,yes,Wicker_et_al_2012,2007,,,,,Caribbean,Martinique,Vauclin,,,plant,stem_base,Eudicot,Cucurbitales,Cucumis,Cucumis melo,,Cantaloupe,Cucurbits,symptomatic,,IIB,IIB,4NPB,match
RUN1131,PRJNA1196686,SRR31675503,,Available in Zenodo,SPV01-60020,03-002,72,5545835,224502,no,Wicker_et_al_2012,2001,,,,,Caribbean,Martinique,Gros Morne,,,plant,,Monocot,Alismatales,Anthurium,Anthurium andreanum,,Anthurium,Araceae,symptomatic,,IIB,-,4NPB,unknown
RUN1132,PRJNA1196686,SRR31675502,,Available in Zenodo,07-008(2),,56,5549449,336707,yes,Wicker_et_al_2012,2007,2007-04-27 00:00:00,,,,Caribbean,Martinique,Trinite ,,,plant,stem_base,Eudicot,Cucurbitales,Cucurbita,Cucurbita pepo,,Courgette,Cucurbits,symptomatic,,IIB,IIB,4NPB,match
RUN1133,PRJNA1196686,SRR31675500,,Available in Zenodo,07-008(3),,60,5548135,271637,yes,Wicker_et_al_2012,2007,2007-04-27 00:00:00,,,,Caribbean,Martinique,Trinite ,,,plant,stem_base,Eudicot,Cucurbitales,Cucurbita,Cucurbita pepo,,Courgette,Cucurbits,symptomatic,,IIB,IIB,4NPB,match
RUN1134,PRJNA1196686,SRR31675499,,Available in Zenodo,07-008(4),,62,5550697,236610,yes,Wicker_et_al_2012,2007,2007-04-27 00:00:00,,,,Caribbean,Martinique,Trinite ,,,plant,stem_base,Eudicot,Cucurbitales,Cucurbita,Cucurbita pepo,,Courgette,Cucurbits,symptomatic,,IIB,IIB,4NPB,match
RUN1135,PRJNA1196686,SRR31675402,,Available in Zenodo,07-018(1),,155,5713633,100070,yes,Wicker_et_al_2012,2007,2007-06-06 00:00:00,,,,Caribbean,Martinique,Le Francois,,,plant,stem_base,Eudicot,Solanales,Solanum,Solanum lycopersicum,L22,Tomato,Tomato,symptomatic,,I,I,18,match
RUN1136,PRJNA1196686,SRR31675401,,Available in Zenodo,07-011(1),,61,5551318,283006,yes,Wicker_et_al_2012,2007,2007-04-27 00:00:00,,,,Caribbean,Martinique,Trinite ,,,plant,stem_base,Eudicot,Cucurbitales,Cucumis,Cucumis sativus,,Cucumber,Cucurbits,symptomatic,,IIB,IIB,4NPB,match
RUN1137,PRJNA1196686,SRR31675400,,Available in Zenodo,07-011(3),,58,5551591,282919,yes,Wicker_et_al_2012,2007,2007-04-27 00:00:00,,,,Caribbean,Martinique,Trinite ,,,plant,stem_base,Eudicot,Cucurbitales,Cucumis,Cucumis sativus,,Cucumber,Cucurbits,symptomatic,,IIB,IIB,4NPB,match
RUN1138,PRJNA1196686,SRR31675399,,Available in Zenodo,07-008(1),,66,5551057,261272,yes,Wicker_et_al_2012,2007,2007-04-27 00:00:00,,,,Caribbean,Martinique,Trinite ,,,plant,stem_base,Eudicot,Cucurbitales,Cucurbita,Cucurbita pepo,,Courgette,Cucurbits,symptomatic,,IIB,IIB,4NPB,match
RUN1139,PRJNA1196686,SRR31675398,,Available in Zenodo,07-017(4),,62,5552703,282919,yes,Wicker_et_al_2012,2007,2007-06-06 00:00:00,,,,Caribbean,Martinique,Basse Pointe,,,plant,stem_base,Eudicot,Solanales,Solanum,Solanum lycopersicum,Inro,Tomato,Tomato,symptomatic,,IIB,IIB,4NPB,match
RUN1140,PRJNA1196686,SRR31675397,,Available in Zenodo,07-012(6),,65,5551860,236610,yes,Wicker_et_al_2012,2007,2007-04-27 00:00:00,,,,Caribbean,Martinique,Trinite ,,,plant,stem_base,Eudicot,Solanales,Solanum,Solanum lycopersicum,Heat Master,Tomato,Tomato,symptomatic,,IIB,IIB,4NPB,match
RUN1141,PRJNA1196686,SRR31675396,,Available in Zenodo,07-012(9),,64,5551620,236610,yes,Wicker_et_al_2012,2007,2007-04-27 00:00:00,,,,Caribbean,Martinique,Trinite ,,,plant,stem_base,Eudicot,Solanales,Solanum,Solanum lycopersicum,Heat Master,Tomato,Tomato,symptomatic,,IIB,IIB,4NPB,match
RUN1142,PRJNA1196686,SRR31675395,,Available in Zenodo,07-012(10),,60,5670419,282919,yes,Wicker_et_al_2012,2007,2007-04-27 00:00:00,,,,Caribbean,Martinique,Trinite ,,,plant,stem_base,Eudicot,Solanales,Solanum,Solanum lycopersicum,Heat Master,Tomato,Tomato,symptomatic,,IIB,IIB,4NPB,match
RUN1143,PRJNA1196686,SRR31675393,,Available in Zenodo,02-047,,140,5960341,103077,yes,Wicker_et_al_2012,2002,2002-10-04 00:00:00,"14,664711","-61,015307",96,Caribbean,Martinique,Morne Des Esses,,,plant,stem_base_exudate,Eudicot,Solanales,Solanum,Solanum melongena,Kalenda,Aubergine,Other Solanaceae,symptomatic,,I,I,,match
RUN1144,PRJNA1196686,SRR31675392,,Available in Zenodo,02-165,,128,5617254,115493,yes,Wicker_et_al_2012,2002,2002-11-08 00:00:00,,,,Caribbean,Martinique,Le Lamentin,,,plant,stem_base_exudate,Eudicot,Solanales,Capsicum,Capsicum sp.,chili Bonda Man Jacques,Chili pepper BMJ,Other Solanaceae,symptomatic,,I,I,,match
RUN1145,PRJNA1196686,SRR31675391,,Available in Zenodo,03-007,JY206,61,5552035,261272,yes,Wicker_et_al_2012,2003,2002-04-19 00:00:00,,,,Caribbean,Martinique,Saint Esprit,,,plant,stem,Eudicot,Cucurbitales,Cucurbita,Cucurbita moschata,Phoenix,Pumpkin,Cucurbits,symptomatic,,IIB,IIB,4NPB,match
RUN1146,PRJNA1196686,SRR31675390,,Available in Zenodo,07-012(8),,67,5549251,255573,yes,Wicker_et_al_2012,2007,2007-04-27 00:00:00,,,,Caribbean,Martinique,Trinite ,,,plant,stem_base,Eudicot,Solanales,Solanum,Solanum lycopersicum,Heat Master,Tomato,Tomato,symptomatic,,IIB,IIB,4NPB,match
RUN1147,PRJNA1196686,SRR31675389,,Available in Zenodo,02-044,,139,5756024,138785,yes,Wicker_et_al_2012,2002,2002-10-04 00:00:00,"14,664711","-61,015307",96,Caribbean,Martinique,Morne Des Esses,,,plant,stem_base_exudate,Eudicot,Solanales,Solanum,Solanum melongena,Kalenda,Aubergine,Other Solanaceae,symptomatic,,I,I,,match
RUN1148,PRJNA1196686,SRR31675388,,Available in Zenodo,02-024-feuille,,62,5551475,261266,yes,Wicker_et_al_2012,2002,2002-10-02 00:00:00,,,,Caribbean,Martinique,Gros Morne,,,plant,leaf_lamina,Monocot,Alismatales,Anthurium,Anthurium andreanum,Standard,Anthurium,Araceae,symptomatic,"one of multiple isolates from same host individual: RUN0716, RUN1148, RUN1151, RUN1227",IIB,IIB,4NPB,match
RUN1149,PRJNA1196686,SRR31675387,,Available in Zenodo,03-074(2),,140,5572374,129623,yes,Wicker_et_al_2012,2003,2003-02-05 00:00:00,,,,Caribbean,Martinique,Macouba,,,plant,stem,Eudicot,Solanales,Solanum,Solanum americanum,,,Other Solanaceae,asymptomatic,,I,I,,match
RUN1150,PRJNA1196686,SRR31675386,,Available in Zenodo,03-008,SPV02-60152; JY208,814,7964062,140729,no,Wicker_et_al_2012,2002,2005-06-24 00:00:00,,,,Caribbean,Martinique,Saint Esprit,,,plant,stem,Eudicot,Cucurbitales,Cucurbita,Cucurbita moschata,Phoenix,Pumpkin,Cucurbits,symptomatic,,IIB,-,4NPB,unknown
RUN1151,PRJNA1196686,SRR31675385,,Available in Zenodo,02-024-B tige,,59,5550921,282919,yes,Wicker_et_al_2012,2002,2002-10-02 00:00:00,,,,Caribbean,Martinique,Gros Morne,,,plant,leaf_petiole_base,Monocot,Alismatales,Anthurium,Anthurium andreanum,Standard,Anthurium,Araceae,symptomatic,"one of multiple isolates from same host individual: RUN0716, RUN1148, RUN1151, RUN1227",IIB,IIB,4NPB,match
RUN1152,PRJNA1196686,SRR31675384,,Available in Zenodo,03-025(2),,69,5708805,284401,yes,Wicker_et_al_2012,2003,2003-01-18 00:00:00,"14,706239","-61,139192999999999","306,5",Caribbean,Martinique,Morne Vert,,,plant,stem,Eudicot,Solanales,Solanum,Solanum lycopersicum,,Tomato,Tomato,symptomatic,,IIA,IIA,39,match
RUN1153,PRJNA1196686,SRR31675382,,Available in Zenodo,03-216,,141,5797610,110714,yes,Wicker_et_al_2012,2003,,,,,Caribbean,Martinique,Le Lamentin,,,plant,stem,Eudicot,Solanales,Solanum,Solanum lycopersicum,,Tomato,Tomato,symptomatic,,I,I,,match
RUN1154,PRJNA1196686,SRR31675381,,Available in Zenodo,SPV01-60038,03-004; JY203,120,5683247,137336,yes,Wicker_et_al_2012,2001,,,,,Caribbean,Martinique,Sainte Luce,,,plant,,Eudicot,Solanales,Solanum,Solanum lycopersicum,,Tomato,Tomato,symptomatic,,I,I,18,match
RUN1155,PRJNA1196686,SRR31675380,,Available in Zenodo,03-025(1),,70,5704904,269728,yes,Wicker_et_al_2012,2003,2003-01-18 00:00:00,"14,706239","-61,139192999999999","306,5",Caribbean,Martinique,Morne Vert,,,plant,stem,Eudicot,Solanales,Solanum,Solanum lycopersicum,,Tomato,Tomato,symptomatic,,IIA,IIA,,match
RUN1156,PRJNA1196686,SRR31675379,,Available in Zenodo,03-225,,92,5540646,139958,no,Wicker_et_al_2012,2003,,,,,Caribbean,Martinique,Le Lamentin,,,plant,stem,Eudicot,Solanales,Solanum,Solanum lycopersicum,,Tomato,Tomato,symptomatic,,IIB,-,4NPB,unknown
RUN1157,PRJNA1196686,SRR31675618,,Available in Zenodo,03-093,,170,5340383,66026,no,Wicker_et_al_2012,2003,2003-02-25 00:00:00,,,,Caribbean,Martinique,Saint Joseph,,,plant,root,Monocot,Alismatales,Anthurium,Anthurium andreanum,,Anthurium,Araceae,symptomatic,,IIA,-,,unknown
RUN1158,PRJNA1196686,SRR31675617,,Available in Zenodo,03-094(1),,151,5681463,100070,yes,Wicker_et_al_2012,2003,2003-02-25 00:00:00,,,,Caribbean,Martinique,Saint Joseph,,,plant,rhizome,Monocot,Alismatales,Anthurium,Anthurium andreanum,,Anthurium,Araceae,symptomatic,,I,I,18,match
RUN1159,PRJNA1196686,SRR31675616,,Available in Zenodo,03-222,,145,5696852,92537,yes,Wicker_et_al_2012,2003,,,,,Caribbean,Martinique,Le Lamentin,,,plant,stem,Eudicot,Solanales,Capsicum,Capsicum sp.,chili,Chili pepper,Other Solanaceae,symptomatic,,I,I,,match
RUN1160,PRJNA1196686,SRR31675615,,Available in Zenodo,03-081T,,61,5550640,271637,yes,Wicker_et_al_2012,2003,2003-02-05 00:00:00,,,,Caribbean,Martinique,Basse Pointe,,,plant,stem,Eudicot,Solanales,Solanum,Solanum lycopersicum,,Tomato,Tomato,symptomatic,,IIB,IIB,4NPB,match
RUN1161,PRJNA1196686,SRR31675614,,Available in Zenodo,03-091(1),,147,5683384,105878,yes,Wicker_et_al_2012,2003,2003-02-25 00:00:00,,,,Caribbean,Martinique,Gros Morne,,,plant,rhizome,Monocot,Alismatales,Anthurium,Anthurium andreanum,,Anthurium,Araceae,symptomatic,,I,I,18,match
RUN1162,PRJNA1196686,SRR31675613,,Available in Zenodo,03-092(2),,65,5502478,312032,yes,Wicker_et_al_2012,2003,2003-02-25 00:00:00,,,,Caribbean,Martinique,Saint Joseph,,,plant,stem_base,Monocot,Alismatales,Anthurium,Anthurium andreanum,,Anthurium,Araceae,symptomatic,,IIA,IIA,,match
RUN1163,PRJNA1196686,SRR31675611,,Available in Zenodo,03-215,,146,5796665,100508,yes,Wicker_et_al_2012,2003,,,,,Caribbean,Martinique,Le Lamentin,,,plant,stem,Eudicot,Solanales,Solanum,Solanum lycopersicum,,Tomato,Tomato,symptomatic,,I,I,,match
RUN1164,PRJNA1196686,SRR31675610,,Available in Zenodo,03-058,C139,153,5682452,95517,yes,Wicker_et_al_2012,2003,2003-02-03 00:00:00,,,,Caribbean,Martinique,Gros Morne,,,plant,stem_exudate,Eudicot,Solanales,Solanum,Solanum melongena,,Aubergine,Other Solanaceae,symptomatic,,I,I,18,match
RUN1165,PRJNA1196686,SRR31675609,,Available in Zenodo,03-076,,145,5571342,103075,yes,Wicker_et_al_2012,2003,2003-02-05 00:00:00,,,,Caribbean,Martinique,Macouba,,,plant,,Eudicot,Solanales,Solanum,Solanum lycopersicum,,Tomato,Tomato,symptomatic,,,I,,unknown
RUN1166,PRJNA1196686,SRR31675608,,Available in Zenodo,06-001 Tige,,62,5550132,255638,yes,Wicker_et_al_2012,2006,2006-01-10 00:00:00,,,,Caribbean,Martinique,Macouba,,,plant,stem,Monocot,Zingiberales,Heliconia,Heliconia rostrata,,,Other Zingiberales,symptomatic,,,IIB,,unknown
RUN1167,PRJNA1196686,SRR31675607,,Available in Zenodo,02-295,,65,5549140,202595,yes,Wicker_et_al_2012,2002,2002-12-20 00:00:00,,,,Caribbean,Martinique,Saint Pierre,,,plant,stem,Eudicot,Solanales,Solanum,Solanum lycopersicum,,Tomato,Tomato,symptomatic,,IIB,IIB,4NPB,match
RUN1168,PRJNA1196686,SRR31675606,,Available in Zenodo,06-047(2),,127,5593728,178142,yes,Wicker_et_al_2012,2006,,,,,Caribbean,Martinique,Saint Joseph,,,plant,stem,Eudicot,Solanales,Solanum,Solanum lycopersicum,,Tomato,Tomato,symptomatic,,IIA,IIA,,match
RUN1169,PRJNA1196686,SRR31675605,,Available in Zenodo,06-048(1),,58,5702557,253955,yes,Wicker_et_al_2012,2006,,"14,664711","-61,015307",96,Caribbean,Martinique,Morne Des Esses,,,plant,stem,Eudicot,Solanales,Solanum,Solanum lycopersicum,,Tomato,Tomato,symptomatic,,IIA,IIA,,match
RUN1170,PRJNA1196686,SRR31675604,,Available in Zenodo,06-048(2),,70,5476239,170307,no,Wicker_et_al_2012,2006,,"14,664711","-61,015307",96,Caribbean,Martinique,Morne Des Esses,,,plant,stem,Eudicot,Solanales,Solanum,Solanum lycopersicum,,Tomato,Tomato,symptomatic,,IIA,-,,unknown
RUN1171,PRJNA1196686,SRR31675603,,Available in Zenodo,06-002 A bulbe,06-002A Bulbe,60,5551442,355444,yes,Wicker_et_al_2012,2006,2006-01-10 00:00:00,,,,Caribbean,Martinique,Macouba,,,plant,bulb,Monocot,Zingiberales,Heliconia,Heliconia rostrata,,,Other Zingiberales,symptomatic,,IIB,IIB,4NPB,match
RUN1172,PRJNA1196686,SRR31675602,,Available in Zenodo,06-045(1),,121,5603600,192110,yes,Wicker_et_al_2012,2006,,,,,Caribbean,Martinique,Gros Morne,,,plant,stem,Eudicot,Solanales,Solanum,Solanum lycopersicum,,Tomato,Tomato,symptomatic,,IIA,IIA,,match
RUN1173,PRJNA1196686,SRR31675600,,Available in Zenodo,06-002 b Tige,06-002B Tige,75,5557794,236610,yes,Wicker_et_al_2012,2006,2006-01-10 00:00:00,,,,Caribbean,Martinique,Macouba,,,plant,stem,Monocot,Zingiberales,Heliconia,Heliconia rostrata,,,Other Zingiberales,symptomatic,,IIB,IIB,4NPB,match
RUN1175,PRJNA1196686,SRR31675598,,Available in Zenodo,06-043,,65,5556677,255258,yes,Wicker_et_al_2012,2006,2006-07-20 00:00:00,,,,Caribbean,Martinique,Le Lamentin,,,plant,stem,Eudicot,Solanales,Physalis,Physalis angulata,,Physalis,Other Solanaceae,asymptomatic,,IIB,IIB,4NPB,match
RUN1176,PRJNA1196686,SRR31675597,,Available in Zenodo,06-021,,140,5792350,110714,yes,Wicker_et_al_2012,2006,,,,,Caribbean,Martinique,Le Lamentin,,,plant,,Eudicot,Solanales,Solanum,Solanum lycopersicum,Cranita,Tomato,Tomato,symptomatic,,I,I,,match
RUN1179,PRJNA1196686,SRR31675596,,Available in Zenodo,06-020,,162,5866443,103076,yes,Wicker_et_al_2012,2006,,,,,Caribbean,Martinique,Le Lamentin,,,plant,,Eudicot,Solanales,Solanum,Solanum lycopersicum,Heat Master,Tomato,Tomato,symptomatic,,I,I,,match
RUN1188,PRJNA1196686,SRR31675595,,Available in Zenodo,07-012(3),,69,5554325,261272,yes,Wicker_et_al_2012,2007,2007-04-27 00:00:00,,,,Caribbean,Martinique,Trinite ,,,plant,stem_base,Eudicot,Solanales,Solanum,Solanum lycopersicum,Heat Master,Tomato,Tomato,symptomatic,,IIB,IIB,4NPB,match
RUN1189,PRJNA1196686,SRR31675738,,Available in Zenodo,07-014(6),,58,5552662,283817,yes,Wicker_et_al_2012,2007,2007-04-27 00:00:00,,,,Caribbean,Martinique,Trinite ,,,plant,stem_base,Eudicot,Solanales,Solanum,Solanum lycopersicum,,Tomato,Tomato,symptomatic,,IIB,IIB,4NPB,match
RUN1190,PRJNA1196686,SRR31675737,,Available in Zenodo,07-014(9),,59,5552719,263179,yes,Wicker_et_al_2012,2007,2007-04-27 00:00:00,,,,Caribbean,Martinique,Trinite ,,,plant,stem_base,Eudicot,Solanales,Solanum,Solanum lycopersicum,,Tomato,Tomato,symptomatic,,IIA,IIB,4NPB,discrepancy
RUN1191,PRJNA1196686,SRR31675736,,Available in Zenodo,07-015(1),,64,5551996,354485,yes,Wicker_et_al_2012,2007,2007-05-07 00:00:00,,,,Caribbean,Martinique,Trinite ,,,water_irrigation,,Environmental,Environmental,Water,water_irrigation,,,Environmental: Water,,Irrigation water,IIB,IIB,4NPB,match
RUN1192,PRJNA1196686,SRR31675735,,Available in Zenodo,07-013(6),,83,5561703,236610,yes,Wicker_et_al_2012,2007,2007-04-27 00:00:00,,,,Caribbean,Martinique,Trinite ,,,plant,stem_base,Eudicot,Solanales,Capsicum,Capsicum annuum,bell,Bell pepper,Other Solanaceae,symptomatic,,IIB,IIB,4NPB,match
RUN1193,PRJNA1196686,SRR31675732,,Available in Zenodo,07-014(2),,72,5559657,282919,yes,Wicker_et_al_2012,2007,2007-04-27 00:00:00,,,,Caribbean,Martinique,Trinite ,,,plant,stem_base,Eudicot,Solanales,Solanum,Solanum lycopersicum,,Tomato,Tomato,symptomatic,,IIB,IIB,4NPB,match
RUN1194,PRJNA1196686,SRR31675731,,Available in Zenodo,07-014(3),,62,5554290,336810,yes,Wicker_et_al_2012,2007,2007-04-27 00:00:00,,,,Caribbean,Martinique,Trinite ,,,plant,stem_base,Eudicot,Solanales,Solanum,Solanum lycopersicum,,Tomato,Tomato,symptomatic,,IIB,IIB,4NPB,match
RUN1195,PRJNA1196686,SRR31675730,,Available in Zenodo,07-014(4),,83,5562133,236610,yes,Wicker_et_al_2012,2007,2007-04-27 00:00:00,,,,Caribbean,Martinique,Trinite ,,,plant,stem_base,Eudicot,Solanales,Solanum,Solanum lycopersicum,,Tomato,Tomato,symptomatic,,IIB,IIB,4NPB,match
RUN1196,PRJNA1196686,SRR31675729,,Available in Zenodo,SPV01-30036,PV3,137,5772958,129447,yes,Wicker_et_al_2012,2001,2001-01-01 00:00:00,,,,Caribbean,Martinique,Ducos,,,plant,stem,Eudicot,Solanales,Solanum,Solanum lycopersicum,,Tomato,Tomato,symptomatic,,I,I,,match
RUN1197,PRJNA1196686,SRR31675728,,Available in Zenodo,SPV02-60180,PV6,136,5651308,110714,yes,Wicker_et_al_2012,2002,2002-02-01 00:00:00,,,,Caribbean,Martinique,Bellefontaine,,,plant,stem,Eudicot,Solanales,Capsicum,Capsicum annuum,bell,Bell pepper,Other Solanaceae,symptomatic,,I,I,18,match
RUN1198,PRJNA1196686,SRR31675727,,Available in Zenodo,03-220,,141,5774087,103076,yes,Wicker_et_al_2012,2003,,,,,Caribbean,Martinique,Le Lamentin,,,plant,stem,,,Unidentified,Unidentified_weed,,,,,,I,I,,match
RUN1199,PRJNA1196686,SRR31675726,,Available in Zenodo,02-289(2),,135,5695551,126442,yes,Wicker_et_al_2012,2002,2002-12-20 00:00:00,,,,Caribbean,Martinique,Saint Pierre,,,plant,root,Eudicot,Cucurbitales,Citrullus,Citrullus lanatus,,Watermelon,Cucurbits,symptomatic,,IIA,I,18,discrepancy
RUN1200,PRJNA1196686,SRR31675725,,Available in Zenodo,02-046,,140,5819655,110714,yes,Wicker_et_al_2012,2002,2002-10-04 00:00:00,"14,664711","-61,015307",96,Caribbean,Martinique,Morne Des Esses,,,plant,stem_base_exudate,Eudicot,Solanales,Solanum,Solanum melongena,Kalenda,Aubergine,Other Solanaceae,symptomatic,,I,I,,match
RUN1201,PRJNA1196686,-,,Available in Zenodo,03-008,JY208,,,,no,Wicker_et_al_2012,2002,2005-06-24 00:00:00,,,,Caribbean,Martinique,Saint Esprit,,,plant,,Eudicot,Cucurbitales,Cucurbita,Cucurbita moschata,Phoenix,Pumpkin,Cucurbits,symptomatic,,IIB,-,4NPB,unknown
RUN1202,PRJNA1196686,SRR31675724,,Available in Zenodo,03-213,,40,5508505,473008,yes,Wicker_et_al_2012,2003,,,,,Caribbean,Martinique,Le Lamentin,,,plant,stem,Eudicot,Solanales,Solanum,Solanum lycopersicum,,Tomato,Tomato,symptomatic,,IIA,IIA,,match
RUN1203,PRJNA1196686,SRR31675723,,Available in Zenodo,02-283,,73,5636944,318931,yes,Wicker_et_al_2012,2002,2002-12-20 00:00:00,,,,Caribbean,Martinique,Le Precheur,,,plant,stem,Eudicot,Solanales,Solanum,Solanum lycopersicum,Heat Master,Tomato,Tomato,symptomatic,,IIA,IIA,,match
RUN1204,PRJNA1196686,SRR31675721,,Available in Zenodo,05-008,,132,5676583,150080,yes,Wicker_et_al_2012,2005,2005-01-15 00:00:00,,,,Caribbean,Martinique,Le Carbet,,,plant,stem,Eudicot,Solanales,Solanum,Solanum lycopersicum,,Tomato,Tomato,symptomatic,,I,I,,match
RUN1205,PRJNA1196686,-,,Available in Zenodo,05-022,L2005MA530 013/1 TUBE 4,,,,no,Wicker_et_al_2012,2005,,,,,Caribbean,Martinique,,,,water,,Environmental,Environmental,Water,water,,,Environmental: Water,,Pas d'objet,IIB,-,4NPB,unknown
RUN1206,PRJNA1196686,SRR31675720,,Available in Zenodo,02-034,,132,5795232,110705,yes,Wicker_et_al_2012,2002,2002-10-04 00:00:00,,,,Caribbean,Martinique,Marigot,,,plant,stem_base_exudate,Eudicot,Solanales,Solanum,Solanum lycopersicum,,Tomato,Tomato,symptomatic,,I,I,18,match
RUN1207,PRJNA1196686,SRR31675719,,Available in Zenodo,07-012(11),,61,5551838,282919,yes,Wicker_et_al_2012,2007,2007-04-27 00:00:00,,,,Caribbean,Martinique,Trinite ,,,plant,stem_base,Eudicot,Solanales,Solanum,Solanum lycopersicum,Heat Master,Tomato,Tomato,symptomatic,,IIB,IIB,4NPB,match
RUN1208,PRJNA1196686,SRR31675718,,Available in Zenodo,07-024(1),,142,5711196,137336,yes,Wicker_et_al_2012,2007,2007-06-26 00:00:00,,,,Caribbean,Martinique,Saint Esprit,,,plant,stem_base,Eudicot,Solanales,Solanum,Solanum lycopersicum,Beefsteak,Tomato,Tomato,symptomatic,,I,I,18,match
RUN1209,PRJNA1196686,SRR31675717,,Available in Zenodo,07-012(7),,63,5553920,255268,yes,Wicker_et_al_2012,2007,2007-04-27 00:00:00,,,,Caribbean,Martinique,Trinite ,,,plant,stem_base,Eudicot,Solanales,Solanum,Solanum lycopersicum,Heat Master,Tomato,Tomato,symptomatic,,IIB,IIB,4NPB,match
RUN1210,PRJNA1196686,SRR31675716,,Available in Zenodo,06-052,,61,5551698,236610,yes,Wicker_et_al_2012,2006,2006-12-15 00:00:00,,,,Caribbean,Martinique,Le Lorrain,,,plant,stem,Eudicot,Solanales,Solanum,Solanum americanum,,,Other Solanaceae,symptomatic,,IIB,IIB,4NPB,match
RUN1211,PRJNA1196686,SRR31675715,,Available in Zenodo,07-013(1),,69,5555411,261266,yes,Wicker_et_al_2012,2007,2007-04-27 00:00:00,,,,Caribbean,Martinique,Trinite ,,,plant,stem_base,Eudicot,Solanales,Capsicum,Capsicum annuum,bell,Bell pepper,Other Solanaceae,symptomatic,,IIB,IIB,4NPB,match
RUN1212,PRJNA1196686,SRR31675498,,Available in Zenodo,07-019(3),,62,5553296,283210,yes,Wicker_et_al_2012,2007,2007-06-08 00:00:00,,,,Caribbean,Martinique,Basse Pointe,,,plant,stem_base,Eudicot,Solanales,Solanum,Solanum lycopersicum,Inro,Tomato,Tomato,symptomatic,,IIB,IIB,4NPB,match
RUN1214,PRJNA1196686,SRR31675497,,Available in Zenodo,07-019(1),,157,5272650,88921,yes,Wicker_et_al_2012,2007,2007-06-08 00:00:00,,,,Caribbean,Martinique,Basse Pointe,,,plant,stem_base,Eudicot,Solanales,Solanum,Solanum lycopersicum,Inro,Tomato,Tomato,symptomatic,,IIA,IIA,,match
RUN1215,PRJNA1196686,SRR31675496,,Available in Zenodo,07-019(2),,161,5256540,95103,yes,Wicker_et_al_2012,2007,2007-06-08 00:00:00,,,,Caribbean,Martinique,Basse Pointe,,,plant,stem_base,Eudicot,Solanales,Solanum,Solanum lycopersicum,Inro,Tomato,Tomato,symptomatic,,IIB,IIA,,discrepancy
RUN1220,PRJNA1196686,SRR31675494,,Available in Zenodo,04-006-2G,2G,1315,11027554,43537,no,Wicker_et_al_2012,2004,2004-03-23 00:00:00,,,,Caribbean,Martinique,Trinite,,,plant,raceme,Monocot,Zingiberales,Musa,Musa acuminata x balbisiana AAB,,Plantain,Musa,atypical_symptoms,"Species listed as Musa sp., host_common_name listed as Plantain, spp changed to Musa acuminata x balbisiana AAB",IIA,-,,unknown
RUN1221,PRJNA1196686,SRR31675493,,Available in Zenodo,04-006-3G,3G,483,11067872,68333,no,Wicker_et_al_2012,2004,2004-03-23 00:00:00,,,,Caribbean,Martinique,Trinite,,,plant,raceme,Monocot,Zingiberales,Musa,Musa acuminata x balbisiana AAB,,Plantain,Musa,atypical_symptoms,,IIB,-,4NPB,unknown
RUN1222,PRJNA1196686,SRR31675492,,Available in Zenodo,FB06,,1337,6743884,191758,no,Wicker_et_al_2012,2006,,,,,Caribbean,Martinique,Le Lamentin,,,plant,,Eudicot,Solanales,Solanum,Solanum lycopersicum,,Tomato,Tomato,symptomatic,,IIA,-,,unknown
RUN1223,PRJNA1196686,SRR31675491,,Available in Zenodo,05-015,,153,5749176,205980,yes,Wicker_et_al_2012,2005,,,,,Caribbean,Martinique,Sainte Anne,,,plant,stem,Eudicot,Solanales,Solanum,Solanum lycopersicum,,Tomato,Tomato,symptomatic,,IIA,IIA,,match
RUN1224,PRJNA1196686,SRR31675490,,Available in Zenodo,02-008(4),,190,5467449,64106,no,Wicker_et_al_2012,2002,2002-09-13 00:00:00,,,,Caribbean,Martinique,Trinite,,,plant,stem,Monocot,Alismatales,Anthurium,Anthurium andreanum,Hybrid,Anthurium,Araceae,symptomatic,,IIB,-,4NPB,unknown
RUN1226,PRJNA1196686,SRR31675489,,Available in Zenodo,05-011(1),,61,5551154,245657,yes,Wicker_et_al_2012,2005,2005-03-18 00:00:00,,,,Caribbean,Martinique,Gros Morne,,,water_river_baited,stem,Environmental,Environmental,Water,water_river_baited_Solanum,Roma,Tomato,Environmental: Water,,River water passaged through tomato,IIB,IIB,4NPB,match
RUN1227,PRJNA1196686,SRR31675488,,Available in Zenodo,02-024,,58,5552735,282910,yes,Wicker_et_al_2012,2002,2002-10-02 00:00:00,,,,Caribbean,Martinique,Gros Morne,,,plant,stem,Monocot,Alismatales,Anthurium,Anthurium andreanum,Standard,Anthurium,Araceae,symptomatic,"one of multiple isolates from same host individual: RUN0716, RUN1148, RUN1151, RUN1227",IIB,IIB,4NPB,match
RUN1228,PRJNA1196686,SRR31675487,,Available in Zenodo,05-095(3),,194,5461173,63899,no,Wicker_et_al_2012,2005,2005-06-24 00:00:00,,,,Caribbean,Martinique,Ducos,,,water_lake,,Environmental,Environmental,Water,water_lake,,,Environmental: Water,,Eau Manzo 1,IIA,-,,unknown
RUN1229,PRJNA1196686,SRR31675486,,Available in Zenodo,02-163(1),,68,5553350,282919,yes,Wicker_et_al_2012,2002,2002-11-08 00:00:00,,,,Caribbean,Martinique,Le Lamentin,,,plant,stem_base_exudate,Eudicot,Solanales,Solanum,Solanum lycopersicum,Caraïbo,Tomato,Tomato,symptomatic,,I,IIB,4NPB,discrepancy
RUN1230,PRJNA1196686,SRR31675485,,Available in Zenodo,02-163(2),,61,5553799,261272,yes,Wicker_et_al_2012,2002,2002-11-08 00:00:00,,,,Caribbean,Martinique,Le Lamentin,,,plant,stem_base_exudate,Eudicot,Solanales,Solanum,Solanum lycopersicum,Caraïbo,Tomato,Tomato,symptomatic,,IIB,IIB,4NPB,match
RUN1231,PRJNA1196686,SRR31675483,,Available in Zenodo,05-097(1),,190,5457902,64106,no,Wicker_et_al_2012,2005,2005-06-24 00:00:00,,,,Caribbean,Martinique,Ducos,,,water_lake,,Environmental,Environmental,Water,water_lake,,,Environmental: Water,,Eau Manzo 1,IIA,-,,unknown
RUN1232,PRJNA1196686,SRR31675482,,Available in Zenodo,05-030,,72,5615839,316713,yes,Wicker_et_al_2012,2005,2005-03-20 00:00:00,,,,Caribbean,Martinique,Le Precheur,,,plant,stem,Eudicot,Solanales,Solanum,Solanum lycopersicum,,Tomato,Tomato,symptomatic,,IIA,IIA,,match
RUN1233,PRJNA1196686,SRR31675481,,Available in Zenodo,02-155(1),,59,5551075,282922,yes,Wicker_et_al_2012,2002,2002-11-07 00:00:00,,,,Caribbean,Martinique,Gros Morne,,,plant,rhizome,Monocot,Alismatales,Anthurium,Anthurium andreanum,Standard,Anthurium,Araceae,symptomatic,,IIB,IIB,4NPB,match
RUN1235,PRJNA1196686,SRR31675480,,Available in Zenodo,07-036(3),,116,5714072,195224,yes,Wicker_et_al_2012,2007,2007-09-07 00:00:00,,,,Caribbean,Martinique,Saint Esprit,,,plant,,Eudicot,Solanales,Solanum,Solanum lycopersicum,,Tomato,Tomato,symptomatic,,IIA,IIA,,match
RUN1239,PRJNA1196686,SRR31675479,,Available in Zenodo,RS28,,66,5629949,316713,yes,Wicker_et_al_2012,1997,,,,,Caribbean,Martinique,Le Lamentin,,,plant,,Eudicot,Solanales,Solanum,Solanum lycopersicum,,Tomato,Tomato,symptomatic,,IIA,IIA,,match
RUN1241,PRJNA1196686,SRR31675478,,Available in Zenodo,05-097(3),,195,5453146,63584,no,Wicker_et_al_2012,2005,2005-06-24 00:00:00,,,,Caribbean,Martinique,Ducos,,,water_lake,,Environmental,Environmental,Water,water_lake,,,Environmental: Water,,Eau Manzo 1,IIA,-,,unknown
RUN1242,PRJNA1196686,-,,Available in Zenodo,RS27,,,,,no,Wicker_et_al_2012,1997,,,,,Caribbean,Martinique,Le Lamentin,,,plant,,Eudicot,Solanales,Solanum,Solanum lycopersicum,,Tomato,Tomato,symptomatic,,IIA,-,,unknown
RUN1246,PRJNA1196686,SRR31675477,,Available in Zenodo,SPV02-60138,PV12,117,5776401,218731,yes,Wicker_et_al_2012,2002,2002-02-01 00:00:00,,,,Caribbean,Martinique,Sainte Luce,,,plant,stem,Eudicot,Solanales,Solanum,Solanum lycopersicum,,Tomato,Tomato,symptomatic,,IIA,IIA,,match
RUN1247,PRJNA1196686,SRR31675476,,Available in Zenodo,02-205,,93,5759444,226315,yes,Wicker_et_al_2012,2002,2002-07-17 00:00:00,,,,Caribbean,Martinique,Le Lorrain,,,plant,stem_base_exudate,Eudicot,Solanales,Solanum,Solanum lycopersicum,Heat Master,Tomato,Tomato,symptomatic,,IIA,IIA,,match
RUN1249,PRJNA1196686,SRR31675475,,Available in Zenodo,02-156,,71,5555460,236610,yes,Wicker_et_al_2012,2002,2002-11-07 00:00:00,,,,Caribbean,Martinique,Gros Morne,,,plant,rhizome,Monocot,Alismatales,Anthurium,Anthurium andreanum,Standard,Anthurium,Araceae,symptomatic,,IIB,IIB,4NPB,match
RUN1252,PRJNA1196686,SRR31675378,,Available in Zenodo,07-005(1),,137,5747816,164777,yes,Wicker_et_al_2012,2007,,,,,Caribbean,Martinique,Marigot,,,plant,stem,Eudicot,Solanales,Solanum,Solanum lycopersicum,Heat Master,Tomato,Tomato,symptomatic,,IIB,I,18,discrepancy
RUN1253,PRJNA1196686,SRR31675376,,Available in Zenodo,07-005(2),,143,5740974,129443,yes,Wicker_et_al_2012,2007,,,,,Caribbean,Martinique,Marigot,,,plant,stem,Eudicot,Solanales,Solanum,Solanum lycopersicum,Heat Master,Tomato,Tomato,symptomatic,,IIA,I,18,discrepancy
RUN1254,PRJNA1196686,SRR31675375,,Available in Zenodo,05-097(2),,184,5130570,63584,no,Wicker_et_al_2012,2005,2005-06-24 00:00:00,,,,Caribbean,Martinique,Ducos,,,water_lake,,Environmental,Environmental,Water,water_lake,,,Environmental: Water,,Eau Manzo 1,IIA,-,,unknown
RUN1255,PRJNA1196686,SRR31675374,,Available in Zenodo,06-050,,141,5871812,175356,yes,Wicker_et_al_2012,2006,,,,,Caribbean,Martinique,Saint Esprit,,,plant,stem,Eudicot,Solanales,Solanum,Solanum lycopersicum,,Tomato,Tomato,symptomatic,,IIA,IIA,,match
RUN1256,PRJNA1196686,SRR31675373,,Available in Zenodo,04-006-13F,13F,309,11101793,101365,no,Wicker_et_al_2012,2004,2004-03-23 00:00:00,,,,Caribbean,Martinique,Trinite,,,plant,raceme,Monocot,Zingiberales,Musa,Musa acuminata x balbisiana AAB,,Plantain,Musa,atypical_symptoms,,IIB,-,4NPB,unknown
RUN1257,PRJNA1196686,SRR31675372,,Available in Zenodo,05-097(7),,185,5460322,63899,no,Wicker_et_al_2012,2005,2005-06-24 00:00:00,,,,Caribbean,Martinique,Ducos,,,water_lake,,Environmental,Environmental,Water,water_lake,,,Environmental: Water,,Eau Manzo 1,IIA,-,,unknown
RUN1258,PRJNA1196686,SRR31675371,,Available in Zenodo,03-050(1),,123,5779143,136663,yes,Wicker_et_al_2012,2003,2003-01-23 00:00:00,,,,Caribbean,Martinique,Sainte Anne,,,plant,stem_exudate,Eudicot,Solanales,Solanum,Solanum lycopersicum,Heat Master,Tomato,Tomato,symptomatic,,I,I,,match
RUN1259,PRJNA1196686,SRR31675370,,Available in Zenodo,03-035,C134,160,5273061,89230,yes,Wicker_et_al_2012,2003,2003-01-21 00:00:00,,,,Caribbean,Martinique,Ajoupa-bouillon,,,plant,root,Eudicot,Solanales,Solanum,Solanum americanum,,,Other Solanaceae,asymptomatic,,IIB,IIA,,discrepancy
RUN1262,PRJNA1196686,SRR31675369,,Available in Zenodo,04-006-6G,6G,86,11092613,437954,no,Wicker_et_al_2012,2004,2004-03-23 00:00:00,,,,Caribbean,Martinique,Trinite,,,plant,raceme,Monocot,Zingiberales,Musa,Musa acuminata x balbisiana AAB,,Plantain,Musa,atypical_symptoms,,IIB,-,4NPB,unknown
RUN1264,PRJNA1196686,SRR31675368,,Available in Zenodo,02-032,,142,5778105,129202,yes,Wicker_et_al_2012,2002,2002-10-04 00:00:00,,,,Caribbean,Martinique,Marigot,,,plant,stem_base_exudate,Eudicot,Solanales,Solanum,Solanum lycopersicum,,Tomato,Tomato,symptomatic,,I,I,,match
RUN1267,PRJNA1196686,SRR31675367,,Available in Zenodo,04-006-2F,2F,67,5556822,317329,yes,Wicker_et_al_2012,2004,2004-03-23 00:00:00,,,,Caribbean,Martinique,Trinite,,,plant,raceme,Monocot,Zingiberales,Musa,Musa acuminata x balbisiana AAB,,Plantain,Musa,atypical_symptoms,,IIB,IIB,4NPB,match
RUN1268,PRJNA1196686,SRR31675365,,Available in Zenodo,02-191-1,,134,5707229,129447,yes,Wicker_et_al_2012,2002,2002-11-20 00:00:00,,,,Caribbean,Martinique,Le Lorrain,,,plant,stem_base_exudate,Eudicot,Solanales,Capsicum,Capsicum sp.,sweet chili,Sweet chili pepper,Other Solanaceae,symptomatic,,I,I,,match
RUN1269,PRJNA1196686,SRR31675364,,Available in Zenodo,M3D0B1,L2005MA530007/1,195,5466058,64002,no,Wicker_et_al_2012,2005,2005-01-16 00:00:00,,,,Caribbean,Martinique,Ducos,,,water_lake,,Environmental,Environmental,Water,water_lake,,,Environmental: Water,,Eau de profondeur Manzo,IIA,-,,unknown
RUN1270,PRJNA1196686,SRR31675363,,Available in Zenodo,05-097(6),,195,5466456,63899,no,Wicker_et_al_2012,2005,2005-06-24 00:00:00,,,,Caribbean,Martinique,Ducos,,,water_lake,,Environmental,Environmental,Water,water_lake,,,Environmental: Water,,Eau Manzo 1,IIA,-,,unknown
RUN1271,PRJNA1196686,SRR31675362,,Available in Zenodo,05-095(4),,190,5464472,63899,no,Wicker_et_al_2012,2005,2005-06-24 00:00:00,,,,Caribbean,Martinique,Ducos,,,water_lake,,Environmental,Environmental,Water,water_lake,,,Environmental: Water,,Eau Manzo 1,IIA,-,,unknown
RUN1273,PRJNA1196686,SRR31675361,,Available in Zenodo,05-096(1),,190,5463207,66026,no,Wicker_et_al_2012,2005,2005-06-24 00:00:00,,,,Caribbean,Martinique,Ducos,,,water_lake,,Environmental,Environmental,Water,water_lake,,,Environmental: Water,,Eau Manzo 1,IIA,-,,unknown
RUN1274,PRJNA1196686,SRR31675360,,Available in Zenodo,05-097(5),,64,5657563,284570,yes,Wicker_et_al_2012,2005,2005-06-24 00:00:00,,,,Caribbean,Martinique,Ducos,,,water_lake,,Environmental,Environmental,Water,water_lake,,,Environmental: Water,,Eau Manzo 1,IIA,IIA,,match
202,PRJNA609910,,GCA_011290465.1,,,,2,5826516,3806317,yes,,2012,,,,,Asia,China,,,,,,Eudicot,Solanales,Nicotiana,Nicotiana tabacum,,,Other Solanaceae,,,I,I,,match
203,PRJNA609906,,GCA_011290445.1,,,,2,5820201,3806317,yes,,2012,,,,,Asia,China,,,,,,Eudicot,Solanales,Nicotiana,Nicotiana tabacum,,,Other Solanaceae,,,I,I,,match
204,PRJNA609905,,GCA_011290425.1,,,,2,5827140,3806317,yes,,2012,,,,,Asia,China,,,,,,Eudicot,Solanales,Nicotiana,Nicotiana tabacum,,,Other Solanaceae,,,I,I,,match
362200,PRJNA668065,,GCA_015999365.1,,,,3,5857510,3721710,yes,,2016,,,,,Asia,China,,,,,,Eudicot,Fabales,Arachis,Arachis hypogaea,,,Other Rosids,,,,I,,unknown
01020AS_UW437,PRJNA775652,,GCA_023076535.1,,,,124,5012369,100262,yes,,,,,,,Oceania,Australia,,,,,,Eudicot,Solanales,Solanum,Solanum lycopersicum,,,Tomato,,,IIB,IIB,,match
10-1SC_UW344,PRJNA775652,,GCA_023076865.1,,,,6,5528036,2849634,yes,,1981,,,,,South America,Brazil,,,,,,Eudicot,Solanales,Solanum,Solanum tuberosum,,,Potato,,,IIB,IIB,,match
14-2SC_UW345,PRJNA775652,,GCA_023076855.1,,,,7,5888666,3384718,yes,,1981,,,,,South America,Brazil,,,,,,Eudicot,Solanales,Solanum,Solanum tuberosum,,,Potato,,,IIA,IIA,,match
15-3SC_UW346,PRJNA775652,,GCA_023076835.1,,,,5,5998949,3513923,yes,,1981,,,,,South America,Brazil,,,,,,Eudicot,Solanales,Solanum,Solanum tuberosum,,,Potato,,,IIA,IIA,,match
17-4SC_UW347,PRJNA775652,,GCA_023076805.1,,,,7,5558829,2955591,yes,,1981,,,,,South America,Brazil,,,,,,Eudicot,Solanales,Solanum,Solanum tuberosum,,,Potato,,,IIB,IIB,,match
19-3PR_UW348,PRJNA775652,,GCA_023076795.1,,,,5,5831254,3579429,yes,,1981,,,,,South America,Brazil,,,,,,Eudicot,Solanales,Solanum,Solanum tuberosum,,,Potato,,,IIB,IIB,,match
23-10BR,PRJNA259632,,GCA_000749995.1,,,,94,5629362,136379,yes,,1981,,,,,South America,Brazil,,,,,,,,,,,,,,,II,IIB,,match
23-10BR_UW349,PRJNA775652,,GCA_023076755.1,,,,3,5798023,3584788,yes,,1981,,,,,South America,Brazil,,,,,,Eudicot,Solanales,Solanum,Solanum tuberosum,,,Potato,,,IIB,IIB,,match
25-2SP_UW350,PRJNA775652,,GCA_023076775.1,,,,130,5660374,161296,yes,,1981,,,,,South America,Brazil,,,,,,Eudicot,Solanales,Solanum,Solanum tuberosum,,,Potato,,,IIA,IIA,,match
26-3SP_UW351,PRJNA775652,,GCA_023076735.1,,,,4,5801158,3505428,yes,,1981,,,,,South America,Brazil,,,,,,Eudicot,Solanales,Solanum,Solanum tuberosum,,,Potato,,,IIA,IIA,,match
28-12BR_UW352,PRJNA775652,,GCA_023076635.1,,,,8,5949391,3777519,yes,,1981,,,,,South America,Brazil,,,,,,Eudicot,Solanales,Solanum,Solanum tuberosum,,,Potato,,,I,I,,match
40-4SP_UW354,PRJNA775652,,GCA_023076695.1,,,,3,5386927,3418642,yes,,1981,,,,,South America,Brazil,,,,,,Eudicot,Solanales,Solanum,Solanum tuberosum,,,Potato,,,IIB,IIB,,match
ACH732_UW629,PRJNA775652,,GCA_023075575.1,,,,215,5980250,93624,yes,,1978,,,,,Oceania,Australia,,,,,,Eudicot,Solanales,Solanum,Solanum lycopersicum,,,Tomato,,,IV,IV,,match
B106,PRJNA763940,,GCA_028177365.1,,,,46,5497095,399454,yes,,2000,,,,,South America,Brazil,,,,,,Monocot,Zingiberales,Musa,Musa spp.,,,Musa,,,II,IIA,,match
B2,PRJNA609907,,GCA_011290405.1,,,,2,5920362,3827697,yes,,2012,,,,,Asia,China,,,,,,Eudicot,Solanales,Nicotiana,Nicotiana tabacum,,,Other Solanaceae,,,I,I,,match
B4,PRJNA763940,,GCA_028177185.1,,,,50,5858492,574994,yes,,2000,,,,,South America,Brazil,,,,,,Monocot,Zingiberales,Musa,Musa spp.,,,Musa,,,,IIB,,unknown
B68_UW837,PRJNA775652,,GCA_023074935.1,,,,174,5675345,116585,yes,,2019,,,,,South America,Brazil,,,,,,Eudicot,Solanales,Solanum,Solanum lycopersicum,,,Tomato,,,IIA,IIA,,match
B70_UW839,PRJNA775652,,GCA_023074915.1,,,,155,5674192,138835,yes,,2019,,,,,South America,Brazil,,,,,,Eudicot,Solanales,Solanum,Solanum lycopersicum,,,Tomato,,,IIA,IIA,,match
B73_UW840,PRJNA775652,,GCA_023074895.1,,,,151,5674510,171651,yes,,2019,,,,,South America,Brazil,,,,,,Eudicot,Solanales,Solanum,Solanum lycopersicum,,,Tomato,,,IIA,IIA,,match
B75,PRJNA763940,,GCA_028177505.1,,,,77,5424833,333179,yes,,2000,,,,,South America,Brazil,,,,,,Monocot,Zingiberales,Musa,Musa spp.,,,Musa,,,II,IIA,,match
Bg07,PRJNA476035,,GCA_003256445.1,,,,184,5746613,84821,yes,,2017,,,,,Asia,China,,,,,,Eudicot,Cucurbitales,Momordica,Momordica charantia,,,Cucurbits,,,I,I,,match
Bs715,PRJNA863051,,GCA_024802605.1,,,,2,6035260,3970890,yes,,1998,,,,,Asia,South Korea,,,,,,Eudicot,Solanales,Solanum,Solanum lycopersicum,,,Tomato,,,,I,,unknown
CaRs-Mep,PRJNA203439,,GCA_001855495.2,,,,13,5606203,109493,yes,,2010,,,,,Asia,India,,,,,,Monocot,Zingiberales,Elettaria,Elettaria cardamomum,,,Other Zingiberales,,,I,I,,match
CCRMRs121,PRJNA763940,,GCA_028177115.1,,,,35,5364378,504573,yes,,2015,,,,,South America,Brazil,,,,,,Eudicot,Solanales,Solanum,Solanum lycopersicum,,,Tomato,,,,IIA,,unknown
CCRMRs223,PRJNA763940,,GCA_028177285.1,,,,53,5578840,296540,yes,,2015,,,,,South America,Brazil,,,,,,Eudicot,Solanales,Solanum,Solanum lycopersicum,,,Tomato,,,,IIA,,unknown
CCRMRs283,PRJNA763940,,GCA_028177305.1,,,,81,5467851,204913,yes,,2015,,,,,South America,Brazil,,,,,,Monocot,Zingiberales,Musa,Musa spp.,,,Musa,,,,IIB,,unknown
CCRMRs286,PRJNA763940,,GCA_028177125.1,,,,81,5467440,185753,yes,,2015,,,,,South America,Brazil,,,,,,Monocot,Zingiberales,Musa,Musa spp.,,,Musa,,,,IIB,,unknown
CCRMRs287,PRJNA641916,,GCA_014210375.1,,,,2,5423031,170471,yes,,2015,,,,,South America,Brazil,,,,,,Monocot,Zingiberales,Musa,Musa spp.,,,Musa,,,,IIB,,unknown
CCRMRs294,PRJNA763940,,GCA_028177135.1,,,,81,5477764,204912,yes,,2015,,,,,South America,Brazil,,,,,,Monocot,Zingiberales,Musa,Musa spp.,,,Musa,,,,IIB,,unknown
CCRMRs317,PRJNA763940,,GCA_028177545.1,,,,80,5499868,205138,yes,,2015,,,,,South America,Brazil,,,,,,Monocot,Zingiberales,Musa,Musa spp.,,,Musa,,,,IIB,,unknown
CCRMRs339,PRJNA763940,,GCA_028177105.1,,,,249,5620556,238614,yes,,2015,,,,,South America,Brazil,,,,,,Monocot,Zingiberales,Musa,Musa spp.,,,Musa,,,,IIA,,unknown
CCRMRs91,PRJNA763940,,GCA_028177635.1,,,,269,5694896,105718,yes,,2015,,,,,South America,Brazil,,,,,,Eudicot,Solanales,Solanum,Solanum lycopersicum,,,Tomato,,,,IIA,,unknown
CCRMRsB7,PRJNA641916,,GCA_014210345.1,,,,2,5849612,191878,yes,,2012,,,,,South America,Brazil,,,,,,Monocot,Zingiberales,Musa,Musa spp.,,,Musa,,,IIB,IIB,,match
CFBP_8695,PRJNA596809,,GCA_009832805.1,,,,2,5113437,3299152,yes,,2017,,,,,Asia,Iran,,,,,,Eudicot,Solanales,Solanum,Solanum tuberosum,,,Potato,,,,IIB,,unknown
CFBP_8697,PRJNA596668,,GCA_009832785.1,,,,2,4890886,3142020,yes,,2003,,,,,Asia,Iran,,,,,,Eudicot,Solanales,Solanum,Solanum tuberosum,,,Potato,,,,IIB,,unknown
CFBP6727_UW736,PRJNA775652,,GCA_023075255.1,,,,97,5616422,203823,yes,,,,,,,Asia,Indonesia,,,,,,Eudicot,Solanales,Solanum,Solanum tuberosum,,,Potato,,,IV,IV,,match
CFBP7029_UW665,PRJNA775652,,GCA_023075495.1,,,,135,5110303,101429,yes,,2005,,,,,Africa,Cameroon,,,,,,Eudicot,Solanales,Solanum,Solanum lycopersicum,,,Tomato,,,IIB,IIB,,match
CIAT_078,PRJNA608676,,GCA_012562465.1,,,,2,5389324,3481951,yes,,2004,,,,,South America,Colombia,,,,,,Monocot,Zingiberales,Musa,Musa acuminata x balbisiana AAB,Plantain,,Musa,,,,IIB,,unknown
CIP10_UW477,PRJNA775652,,GCA_023076165.1,,,,4,5959661,3586384,yes,,1979,,,,,South America,Peru,,,,,,Eudicot,Solanales,Solanum,Solanum tuberosum,,,Potato,,,IIB,IIB,,match
CIP120,PRJNA269725,,GCA_001644795.1,,,,145,5671540,82414,yes,,2004,,,,,South America,Peru,,,,,,Eudicot,Solanales,Solanum,Solanum tuberosum,,,Potato,,,II,IIA,,match
CIP128_UW455,PRJNA775652,,GCA_023076375.1,,,,8,5779112,3539136,yes,,1977,,,,,South America,Peru,,,,,,Eudicot,Solanales,Solanum,Solanum tuberosum,,,Potato,,phylotype vs. geography discrepancy,IV,IV,,match
CIP167_UW484,PRJNA775652,,GCA_023076075.1,,,,93,5817570,154911,yes,,1980,,,,,South America,Peru,,,,,,Eudicot,Solanales,Solanum,Solanum tuberosum,,,Potato,,,IIB,IIB,,match
CIP172_UW458,PRJNA775652,,GCA_023076355.1,,,,3,5897732,3574493,yes,,1979,,,,,South America,Peru,,,,,,Eudicot,Solanales,Solanum,Solanum tuberosum,,,Potato,,,IIB,IIB,,match
CIP177_UW485,PRJNA775652,,GCA_023076095.1,,,,63,5549222,245893,yes,,1979,,,,,South America,Peru,,,,,,Eudicot,Solanales,Solanum,Solanum tuberosum,,,Potato,,,IIB,IIB,,match
CIP180_UW500,PRJNA775652,,GCA_023075955.1,,,,11,5581652,3162510,yes,,1981,,,,,Asia,Indonesia,,,,,,Eudicot,Solanales,Solanum,Solanum tuberosum,,,Potato,,,IIB,IIB,,match
CIP207_UW487,PRJNA775652,,GCA_023076105.1,,,,135,5266318,83999,yes,,1982,,,,,South America,Peru,,,,,,Eudicot,Solanales,Solanum,Solanum tuberosum,,,Potato,,,IIB,IIB,,match
CIP211_UW461,PRJNA775652,,GCA_023076335.1,,,,6,5727321,3505422,yes,,1978,,,,,South America,Brazil,,,,,,Eudicot,Solanales,Solanum,Solanum tuberosum,,,Potato,,,IIB,IIB,,match
CIP214_UW488,PRJNA775652,,GCA_023076055.1,,,,69,5425998,198174,yes,,1978,,,,,South America,Brazil,,,,,,Eudicot,Solanales,Solanum,Solanum americanum,,,Other Solanaceae,,,IIB,IIB,,match
CIP217_UW462,PRJNA775652,,GCA_023076295.1,,,,5,5663230,3345311,yes,,1978,,,,,South America,Brazil,,,,,,Eudicot,Solanales,Solanum,Solanum tuberosum,,,Potato,,,IIB,IIB,,match
CIP218_UW463,PRJNA775652,,GCA_023076395.1,,,,3,5810449,3501577,yes,,1978,,,,,South America,Brazil,,,,,,Eudicot,Solanales,Solanum,Solanum tuberosum,,,Potato,,,IIA,IIA,,match
CIP221_UW464,PRJNA775652,,GCA_023076415.1,,,,6,5679554,3352797,yes,,1978,,,,,South America,Brazil,,,,,,Eudicot,Solanales,Solanum,Solanum tuberosum,,,Potato,,,IIB,IIB,,match
CIP224_UW466,PRJNA775652,,GCA_023076315.1,,,,10,6134927,3672654,yes,,1978,,,,,South America,Brazil,,,,,,Eudicot,Solanales,Solanum,Solanum tuberosum,,,Potato,,,IIB,IIB,,match
CIP226_UW467,PRJNA775652,,GCA_023076265.1,,,,5,5916553,3626550,yes,,1979,,,,,South America,Brazil,,,,,,Eudicot,Solanales,Solanum,Solanum tuberosum,,,Potato,,,IIB,IIB,,match
CIP238_UW490,PRJNA775652,,GCA_023076135.1,,,,163,5319352,99977,yes,,1983,,,,,South America,Chile,,,,,,Eudicot,Solanales,Solanum,Solanum tuberosum,,,Potato,,,IIB,IIB,,match
CIP239_RUN043_UW639,PRJNA775652,,GCA_023075555.1,,,,196,5624176,75622,yes,,1983,,,,,South America,Brazil,,,,,,Eudicot,Solanales,Solanum,Solanum tuberosum,,,Potato,,,IIA,IIA,,match
CIP239_UW469,PRJNA775652,,GCA_023076255.1,,,,223,5644420,80246,yes,,1983,,,,,South America,Brazil,,,,,,Eudicot,Solanales,Solanum,Solanum tuberosum,,,Potato,,,IIA,IIA,,match
CIP240_RUN482_UW692,PRJNA775652,,GCA_023075335.1,,,,9,5955467,3572105,yes,,1983,,,,,South America,Brazil,,,,,,Eudicot,Solanales,Solanum,Solanum tuberosum,,,Potato,,,IIB,IIB,,match
CIP240_UW470,PRJNA775652,,GCA_023076235.1,,,,153,5708466,100127,yes,,1983,,,,,South America,Brazil,,,,,,Eudicot,Solanales,Solanum,Solanum tuberosum,,,Potato,,,IIB,IIB,,match
CIP258_UW448,PRJNA775652,,GCA_023076435.1,,,,139,5234500,87136,yes,,,,,,,Africa,Burundi,,,,,,Eudicot,Solanales,Solanum,Solanum tuberosum,,,Potato,,,IIB,IIB,,match
CIP259_UW449,PRJNA775652,,GCA_023076485.1,,,,151,5234007,91620,yes,,,,,,,Africa,Burundi,,,,,,Eudicot,Solanales,Solanum,Solanum tuberosum,,,Potato,,,IIB,IIB,,match
CIP265_UW504,PRJNA775652,,GCA_023075895.1,,,,139,5186602,93778,yes,,1985,,,,,Asia,Indonesia,,,,,,Eudicot,Solanales,Solanum,Solanum tuberosum,,,Potato,,,IIB,IIB,,match
CIP266_UW505,PRJNA775652,,GCA_023075875.1,,,,152,5707788,97404,yes,,1985,,,,,Asia,Indonesia,,,,,,Eudicot,Solanales,Solanum,Solanum tuberosum,,,Potato,,,I,I,,match
CIP282_UW489,PRJNA775652,,GCA_023076035.1,,,,135,5243573,93336,yes,,1983,,,,,South America,Chile,,,,,,Eudicot,Solanales,Solanum,Solanum tuberosum,,,Potato,,,IIB,IIB,,match
CIP296_UW472,PRJNA775652,,GCA_023076195.1,,,,134,5501204,143453,yes,,1968,,,,,Africa,Nigeria,,,,,,Eudicot,Solanales,Solanum,Solanum tuberosum,,,Potato,,,III,III,,match
CIP300_UW473,PRJNA775652,,GCA_023076215.1,,,,156,5171806,83203,yes,,1988,,,,,South America,Peru,,,,,,Eudicot,Solanales,Solanum,Solanum tuberosum,,,Potato,,,IIB,IIB,,match
CIP301_UW641,PRJNA775652,,GCA_023075515.1,,,,83,5270972,150979,yes,,1988,,,,,South America,Peru,,,,,,Eudicot,Solanales,Solanum,Solanum tuberosum,,,Potato,,,IIA,IIA,,match
CIP302_UW492,PRJNA775652,,GCA_023075995.1,,,,203,5730282,107044,yes,,1988,,,,,South America,Peru,,,,,,Eudicot,Solanales,Solanum,Solanum tuberosum,,,Potato,,,IIB,IIB,,match
CIP309_UW494,PRJNA775652,,GCA_023075975.1,,,,141,5708112,98663,yes,,,,,,,South America,Colombia,,,,,,Eudicot,Solanales,Solanum,Solanum tuberosum,,,Potato,,,IIB,IIB,,match
CIP310_UW495,PRJNA775652,,GCA_023075915.1,,,,3,5431785,4396061,yes,,,,,,,South America,Colombia,,,,,,Eudicot,Solanales,Solanum,Solanum tuberosum,,,Potato,,,IIB,IIB,,match
CIP417_UW70,PRJNA775652,,GCA_021117115.1,,,,2,5485324,3514013,yes,,1960,,,,,South America,Colombia,,,,,,Monocot,Zingiberales,Musa,Musa acuminata x balbisiana AAB,Plantain,,Musa,,,IIB,IIB,,match
CIP61_UW451,PRJNA775652,,GCA_023076455.1,,,,59,5505152,228432,yes,,1976,,,,,South America,Peru,,,,,,Eudicot,Solanales,Solanum,Solanum tuberosum,,,Potato,,,IIB,IIB,,match
CIP77_UW452,PRJNA775652,,GCA_023076475.1,,,,160,5573203,165800,yes,,1976,,,,,South America,Peru,,,,,,Eudicot,Solanales,Solanum,Solanum tuberosum,,,Potato,,,IIA,IIA,,match
CIP9_UW476,PRJNA775652,,GCA_023076155.1,,,,99,5682751,101931,yes,,1967,,,,,North America,Costa Rica,,,,,,Monocot,Zingiberales,Musa,Musa acuminata x balbisiana AAB,Plantain,,Musa,,,IIB,IIB,,match
CIP90_UW274,PRJNA775652,,GCA_023076975.1,,,,148,5234163,93767,yes,,,,,,,North America,Costa Rica,,,,,,Eudicot,Solanales,Solanum,Solanum tuberosum,,,Potato,,,IIB,IIB,,match
Cm01,PRJNA616449,,GCA_023130835.1,,,,74,5720814,178955,yes,,2016,,,,,Asia,China,,,,,,Eudicot,Asterales,Chrysanthemum,Chrysanthemum x morifolium,,,Other Asterids,,,I,I,,match
CMR15,PRJEA50681,,GCA_000427195.1,,,,3,5590372,1078803,yes,,2005,,,,,Africa,Cameroon,,,,,,Eudicot,Solanales,Solanum,Solanum lycopersicum,,,Tomato,,,III,III,,match
Cq01,PRJNA476035,,GCA_003256425.1,,,,195,5882659,100473,yes,,2016,,,,,Asia,China,,,,,,Eudicot,Cucurbitales,Benincasa,Benincasa hispida,,,Cucurbits,,,I,I,,match
CQPS-1,PRJNA331070,,GCA_002220465.1,,,,2,5893444,3832354,yes,,2013,,,,,Asia,China,,,,,,Eudicot,Solanales,Nicotiana,Nicotiana tabacum,,,Other Solanaceae,,,I,I,,match
Cw717,PRJNA857834,,GCA_025859515.1,,,,2,5592449,3444930,yes,,1997,,,,,Asia,South Korea,,,,,,Eudicot,Solanales,Solanum,Solanum lycopersicum,,,Tomato,,,,I,,unknown
DGBBC1138_UW685,PRJNA775652,,GCA_023075375.1,,,,85,5406075,140243,yes,,,,,,,Africa,Guinea,,,,,,Eudicot,Solanales,Solanum,Solanum tuberosum,,,Potato,,,III,III,,match
Ec03,PRJNA616449,,GCA_023130775.1,,,,141,5729451,104997,yes,,2016,,,,,Asia,China,,,,,,Eudicot,Myrtales,Eucalyptus,Eucalyptus robusta,,,Other Rosids,,,I,I,,match
EP1,PRJNA288736,,GCA_001891105.1,,,,2,6042968,3949527,yes,,2014,,,,,Asia,China,,,,,,Eudicot,Solanales,Solanum,Solanum melongena,,,Other Solanaceae,,,I,I,,match
FJ1003,PRJNA780084,,GCA_020923475.1,,,,3,5896809,3753705,yes,,2016,,,,,Asia,China,,,,,,Eudicot,Solanales,Nicotiana,Nicotiana tabacum,,,Other Solanaceae,,,I,I,,match
FJAT-1458,PRJNA329182,,GCA_001887535.1,,,,2,6059899,3984240,yes,,2008,,,,,Asia,China,,,,,,Eudicot,Solanales,Solanum,Solanum lycopersicum,,,Tomato,,,I,I,,match
FJAT-91,PRJNA329188,,GCA_002155245.1,,,,2,5874087,3873214,yes,,2009,,,,,Asia,China,,,,,,Eudicot,Solanales,Solanum,Solanum lycopersicum,,,Tomato,,,I,I,,match
FJAT1303.F1,PRJNA622642,,GCA_013306955.1,,,,2,5701106,3649900,yes,,2019,,,,,Asia,China,,,,,,Eudicot,Solanales,Solanum,Solanum lycopersicum,,,Tomato,,,I,I,,match
FJAT1303.F50,PRJNA622642,,GCA_013306935.1,,,,2,5830161,3854510,yes,,2019,,,,,Asia,China,,,,,,Eudicot,Solanales,Solanum,Solanum lycopersicum,,,Tomato,,,,I,,unknown
FJAT1303.F8,PRJNA622642,,GCA_013306915.1,,,,2,5830464,3854502,yes,,2019,,,,,Asia,China,,,,,,Eudicot,Solanales,Solanum,Solanum lycopersicum,,,Tomato,,,,I,,unknown
FJAT1452.F1,PRJNA622642,,GCA_013306875.1,,,,2,5684465,3703014,yes,,2019,,,,,Asia,China,,,,,,Eudicot,Solanales,Solanum,Solanum lycopersicum,,,Tomato,,,I,I,,match
FJAT1452.F50,PRJNA622642,,GCA_013306845.1,,,,2,5684467,3703016,yes,,2019,,,,,Asia,China,,,,,,Eudicot,Solanales,Solanum,Solanum lycopersicum,,,Tomato,,,,I,,unknown
FJAT1458.F1,PRJNA622642,,GCA_013306825.1,,,,2,6059903,3984237,yes,,2019,,,,,Asia,China,,,,,,Eudicot,Solanales,Solanum,Solanum lycopersicum,,,Tomato,,,,I,,unknown
FJAT1458.F50,PRJNA622642,,GCA_013306785.1,,,,2,6059725,3984236,yes,,2019,,,,,Asia,China,,,,,,Eudicot,Solanales,Solanum,Solanum lycopersicum,,,Tomato,,,,I,,unknown
FJAT1463.F1,PRJNA622642,,GCA_013306805.1,,,,2,6059901,3984235,yes,,2019,,,,,Asia,China,,,,,,Eudicot,Solanales,Solanum,Solanum lycopersicum,,,Tomato,,,I,I,,match
FJAT1463.F50,PRJNA622642,,GCA_013306765.1,,,,2,6059895,3984235,yes,,2019,,,,,Asia,China,,,,,,Eudicot,Solanales,Solanum,Solanum lycopersicum,,,Tomato,,,,I,,unknown
FJAT15244-F8,PRJNA647244,,GCA_013704765.1,,,,2,5921600,3787707,yes,,2019,,,,,Asia,China,,,,,,,,,,,,,,,,I,,unknown
FJAT15244.F1,PRJNA622642,,GCA_013306745.1,,,,2,5922123,3788096,yes,,2019,,,,,Asia,China,,,,,,Eudicot,Solanales,Solanum,Solanum lycopersicum,,,Tomato,,,I,I,,match
FJAT15244.F50,PRJNA622642,,GCA_013306655.1,,,,2,5923260,3789233,yes,,2019,,,,,Asia,China,,,,,,Eudicot,Solanales,Solanum,Solanum lycopersicum,,,Tomato,,,,I,,unknown
FJAT15249.F1,PRJNA622642,,GCA_013306575.1,,,,2,6059768,3984112,yes,,2019,,,,,Asia,China,,,,,,Eudicot,Solanales,Solanum,Solanum lycopersicum,,,Tomato,,,,I,,unknown
FJAT15249.F50,PRJNA622642,,GCA_013306545.1,,,,2,6059865,3984230,yes,,2019,,,,,Asia,China,,,,,,Eudicot,Solanales,Solanum,Solanum lycopersicum,,,Tomato,,,,I,,unknown
FJAT15252.F1,PRJNA622642,,GCA_013306515.1,,,,2,6059726,3984186,yes,,2019,,,,,Asia,China,,,,,,Eudicot,Solanales,Solanum,Solanum lycopersicum,,,Tomato,,,I,I,,match
FJAT15252.F50,PRJNA622642,,GCA_013306495.1,,,,2,6059925,3984237,yes,,2019,,,,,Asia,China,,,,,,Eudicot,Solanales,Solanum,Solanum lycopersicum,,,Tomato,,,,I,,unknown
FJAT15304.F1,PRJNA622642,,GCA_013306455.1,,,,2,5723316,3669425,yes,,2019,,,,,Asia,China,,,,,,Eudicot,Solanales,Solanum,Solanum lycopersicum,,,Tomato,,,I,I,,match
FJAT15304.F50,PRJNA622642,,GCA_013306475.1,,,,2,5723320,3669429,yes,,2019,,,,,Asia,China,,,,,,Eudicot,Solanales,Solanum,Solanum lycopersicum,,,Tomato,,,,I,,unknown
FJAT15304.F6,PRJNA622642,,GCA_013306435.1,,,,2,5723322,3669431,yes,,2019,,,,,Asia,China,,,,,,Eudicot,Solanales,Solanum,Solanum lycopersicum,,,Tomato,,,,I,,unknown
FJAT15340.F1,PRJNA622642,,GCA_013306415.1,,,,2,5723319,3669428,yes,,2019,,,,,Asia,China,,,,,,Eudicot,Solanales,Solanum,Solanum lycopersicum,,,Tomato,,,I,I,,match
FJAT15340.F50,PRJNA622642,,GCA_013306375.1,,,,2,5723320,3669429,yes,,2019,,,,,Asia,China,,,,,,Eudicot,Solanales,Solanum,Solanum lycopersicum,,,Tomato,,,,I,,unknown
FJAT15340.F6,PRJNA622642,,GCA_013306395.1,,,,2,5723317,3669421,yes,,2019,,,,,Asia,China,,,,,,Eudicot,Solanales,Solanum,Solanum lycopersicum,,,Tomato,,,,I,,unknown
FJAT15353.F1,PRJNA622642,,GCA_013306355.1,,,,2,5829364,3854510,yes,,2019,,,,,Asia,China,,,,,,Eudicot,Solanales,Solanum,Solanum lycopersicum,,,Tomato,,,I,I,,match
FJAT15353.F50,PRJNA622642,,GCA_013306335.1,,,,2,5830473,3854510,yes,,2019,,,,,Asia,China,,,,,,Eudicot,Solanales,Solanum,Solanum lycopersicum,,,Tomato,,,,I,,unknown
FJAT15353.F8,PRJNA622642,,GCA_013306315.1,,,,2,5830165,3854515,yes,,2019,,,,,Asia,China,,,,,,Eudicot,Solanales,Solanum,Solanum lycopersicum,,,Tomato,,,,I,,unknown
FJAT442.F1,PRJNA622642,,GCA_013306295.1,,,,2,5684467,3703016,yes,,2019,,,,,Asia,China,,,,,,Eudicot,Solanales,Solanum,Solanum lycopersicum,,,Tomato,,,I,I,,match
FJAT442.F50,PRJNA622642,,GCA_013306275.1,,,,2,5684469,3703018,yes,,2019,,,,,Asia,China,,,,,,Eudicot,Solanales,Solanum,Solanum lycopersicum,,,Tomato,,,,I,,unknown
FJAT445.F1,PRJNA622642,,GCA_013306255.1,,,,2,5684739,3702664,yes,,2019,,,,,Asia,China,,,,,,Eudicot,Solanales,Solanum,Solanum lycopersicum,,,Tomato,,,I,I,,match
FJAT445.F50,PRJNA622642,,GCA_013306235.1,,,,2,5684148,3702722,yes,,2019,,,,,Asia,China,,,,,,Eudicot,Solanales,Solanum,Solanum lycopersicum,,,Tomato,,,,I,,unknown
FJAT448.F1,PRJNA622642,,GCA_013306205.1,,,,2,6018767,3944010,yes,,2019,,,,,Asia,China,,,,,,Eudicot,Solanales,Solanum,Solanum lycopersicum,,,Tomato,,,I,I,,match
FJAT448.F50,PRJNA622642,,GCA_013306155.1,,,,2,6018311,3943689,yes,,2019,,,,,Asia,China,,,,,,Eudicot,Solanales,Solanum,Solanum lycopersicum,,,Tomato,,,,I,,unknown
FJAT454.F1,PRJNA622642,,GCA_013306095.1,,,,2,6018842,3944010,yes,,2019,,,,,Asia,China,,,,,,Eudicot,Solanales,Solanum,Solanum lycopersicum,,,Tomato,,,I,I,,match
FJAT454.F50-1,PRJNA622642,,GCA_014490805.1,,,,2,6016097,3941499,yes,,2019,,,,,Asia,China,,,,,,Eudicot,Solanales,Solanum,Solanum lycopersicum,,,Tomato,,,,I,,unknown
FJAT91-F1,PRJNA640736,,GCA_013375715.1,,,,2,5874106,3873221,yes,,2019,,,,,Asia,China,,,,,,,,,,,,,,,,I,,unknown
FJAT91-F8,PRJNA640744,,GCA_013375735.1,,,,2,5873883,3873088,yes,,2019,,,,,Asia,China,,,,,,,,,,,,,,,,I,,unknown
FJAT91.F50,PRJNA622642,,GCA_013306015.1,,,,2,5874107,3873222,yes,,2019,,,,,Asia,China,,,,,,Eudicot,Solanales,Solanum,Solanum lycopersicum,,,Tomato,,,,I,,unknown
FQY_4,PRJNA182081,,GCA_000348545.1,,,,2,5805250,3715422,yes,,,,,,,Asia,China,,,,,,,,,,,,,,,I,I,,match
GEO_230,PRJNA419114,,GCA_002894795.1,,,,125,4816124,99898,yes,,2013,,,,,Asia,Georgia,,,,,,Eudicot,Solanales,Solanum,Solanum tuberosum,,,Potato,,,IIB,IIB,,match
GEO_304,PRJNA419261,,GCA_002894775.1,,,,110,5117074,100162,yes,,2013,,,,,Asia,Georgia,,,,,,Eudicot,Solanales,Solanum,Solanum tuberosum,,,Potato,,,IIB,IIB,,match
GEO_57,PRJNA378704,,GCA_002029885.1,,,,145,5189849,101336,yes,,2014,,,,,Asia,Georgia,,,,,,Eudicot,Solanales,Solanum,Solanum tuberosum,,,Potato,,,IIB,IIB,,match
GEO_6,PRJNA419122,,GCA_002894765.1,,,,123,5163400,93013,yes,,2011,,,,,Asia,Georgia,,,,,,Eudicot,Solanales,Solanum,Solanum tuberosum,,,Potato,,,IIB,IIB,,match
GEO_81,PRJNA419125,,GCA_002894785.1,,,,135,5063526,91574,yes,,2014,,,,,Asia,Georgia,,,,,,Eudicot,Solanales,Solanum,Solanum tuberosum,,,Potato,,,IIB,IIB,,match
GEO_96,PRJNA378704,,GCA_002029895.1,,,,129,5192440,101078,yes,,2015,,,,,Asia,Georgia,,,,,,Eudicot,Solanales,Solanum,Solanum lycopersicum,,,Tomato,,,IIB,IIB,,match
GEO_99,PRJNA378704,,GCA_002029865.1,,,,147,5214846,83870,yes,,2015,,,,,Asia,Georgia,,,,,,Eudicot,Solanales,Capsicum,Capsicum annuum,,,Other Solanaceae,,,IIB,IIB,,match
Gg01,PRJNA616449,,GCA_023130765.1,,,,184,5821865,80844,yes,,2016,,,,,Asia,China,,,,,,Monocot,Zingiberales,Zingiber,Zingiber officinale,,,Other Zingiberales,,,I,I,,match
Gj707,PRJNA857834,,GCA_025859615.1,,,,2,5932898,3867619,yes,,1997,,,,,Asia,South Korea,,,,,,Eudicot,Solanales,Solanum,Solanum lycopersicum,,,Tomato,,,,I,,unknown
GMI1000,PRJNA13,,GCA_000009125.1,,,,2,5810922,3716413,yes,,1978,,,,,South America,French Guiana,,,,,,Eudicot,Solanales,Solanum,Solanum lycopersicum,,,Tomato,,,I,I,,match
GRsMep,PRJNA772165,,GCA_024460955.1,,,,10,5837336,3716413,yes,,2013,,,,,Asia,India,,,,,,Monocot,Zingiberales,Zingiber,Zingiber officinale,,,Other Zingiberales,,,,I,,unknown
HA4-1,PRJNA392775,,GCA_003999715.1,,,,3,5981347,3890347,yes,,2010,,,,,Asia,China,,,,,,Eudicot,Fabales,Arachis,Arachis hypogaea,,,Other Rosids,,,,I,,unknown
IBSBF_2570,PRJNA430795,,GCA_003590585.2,,,,2,5722671,111312,yes,,2012,,,,,South America,Brazil,,,,,,Monocot,Zingiberales,Musa,Musa spp.,,,Musa,,,,IIA,,unknown
IBSBF_2571,PRJNA431203,,GCA_003590605.1,,,,2,5429915,3480799,yes,,2010,,,,,South America,Brazil,,,,,,Monocot,Zingiberales,Musa,Musa spp.,,,Musa,,,,IIB,,unknown
IBSBF1503,PRJNA297402,,GCA_001587155.1,,,,2,5530249,3460461,yes,,1999,,,,,South America,Brazil,,,,,,Eudicot,Cucurbitales,Cucumis,Cucumis sativus,,,Cucurbits,,,IIB,IIB,,match
IBSBF2001_UW756,PRJNA775652,,GCA_023075135.1,,,,3,5953070,3740533,yes,,,,,,,South America,Brazil,,,,,,Eudicot,Solanales,Solanum,Solanum lycopersicum,,,Tomato,,,IIB,IIB,,match
IPO_0715,PRJNA663270,,GCA_015910755.1,,,,170,5258745,83740,yes,,1983,,,,,Asia,Bangladesh,,,,,,Eudicot,Solanales,Solanum,Solanum tuberosum,,,Potato,,,,IIB,,unknown
IPO_0738,PRJNA663270,,GCA_015910785.1,,,,148,5260437,110620,yes,,1983,,,,,,,,,,,,Eudicot,Solanales,Solanum,Solanum tuberosum,,,Potato,,,,IIB,,unknown
IPO_1752,PRJNA663270,,GCA_015911935.1,,,,159,5257900,93209,yes,,,,,,,,,,,,,,Eudicot,Solanales,Solanum,Solanum melongena,,,Other Solanaceae,,,,IIB,,unknown
IPO_1804,PRJNA663270,,GCA_015911895.1,,,,147,5261102,110619,yes,,1997,,,,,Europe,Netherlands,,,,,,Environmental,Environmental,Soil,Soil,,,Environmental: Soil,,,,IIB,,unknown
IPO_1805,PRJNA663270,,GCA_015911875.1,,,,148,5262388,110619,yes,,1997,,,,,Europe,Netherlands,,,,,,Eudicot,Solanales,Solanum,Solanum nigrum,,,Other Solanaceae,,,,IIB,,unknown
IPO_1806,PRJNA663270,,GCA_015911905.1,,,,150,5261768,110618,yes,,1997,,,,,Europe,Netherlands,,,,,,Eudicot,Solanales,Solanum,Solanum nigrum,,,Other Solanaceae,,,,IIB,,unknown
IPO_1808,PRJNA663270,,GCA_015911835.1,,,,149,5261455,110330,yes,,1997,,,,,Europe,Netherlands,,,,,,Eudicot,Solanales,Solanum,Solanum tuberosum,,,Potato,,,,IIB,,unknown
IPO_1809,PRJNA663270,,GCA_015911845.1,,,,199,5278471,110620,yes,,1997,,,,,Europe,Netherlands,,,,,,Environmental,Environmental,Soil,Soil,,,Environmental: Soil,,,,IIB,,unknown
IPO_1828,PRJNA663270,,GCA_015911795.1,,,,146,5259524,110327,yes,,,,,,,,,,,,,,Eudicot,Solanales,Solanum,Solanum tuberosum,,,Potato,,,,IIB,,unknown
IPO_3731,PRJNA663270,,GCA_015911775.1,,,,194,5267216,75582,yes,,2015,,,,,Africa,Kenya,,,,,,Eudicot,Geraniales,Pelargonium,Pelargonium,,,Other Rosids,,,,IIB,,unknown
IPO1609_UW550,PRJNA775652,,GCA_023075825.1,,,,153,5159907,88489,yes,,2003,,,,,Europe,Netherlands,,,,,,Eudicot,Solanales,Solanum,Solanum tuberosum,,,Potato,,,IIB,IIB,,match
K60,PRJNA381968,,GCA_002251695.1,,,,2,5770663,3838865,yes,,1953,,,,,North America,USA,,,,,,Eudicot,Solanales,Solanum,Solanum lycopersicum,,,Tomato,,,IIC,IIA,,match
KACC_10722,PRJNA314571,,GCA_001586135.1,,,,2,5463256,3579824,yes,,1998,,,,,Asia,South Korea,,,,,,Eudicot,Solanales,Solanum,Solanum tuberosum,,,Potato,,,IV,IV,,match
KACC10709,PRJNA314721,,GCA_001708525.1,,,,2,5608237,3462505,yes,,1997,,,,,Asia,South Korea,,,,,,Eudicot,Solanales,Solanum,Solanum tuberosum,,,Potato,,,I,I,,match
LLRS-1,PRJNA594455,,GCA_018243215.1,,,,2,5694719,3648314,yes,,2018,,,,,Asia,China,,,,,,Eudicot,Solanales,Nicotiana,Nicotiana tabacum,,,Other Solanaceae,,,IV,IV,,match
LMG_9673,PRJNA735438,,GCA_024925465.1,,,,2,5690309,3803549,yes,,,,,,,Africa,Reunion,,,,,,,,,,,,,,,,III,,unknown
LNPV14-25_UW523,PRJNA775652,,GCA_023075835.1,,,,142,5237116,101426,yes,,1995,,,,,Europe,France,,,,,,Eudicot,Solanales,Solanum,Solanum lycopersicum,,,Tomato,,,IIB,IIB,,match
MAFF_211471,PRJDB10588,,GCA_015097935.1,,,,2,6054028,3914648,yes,,1997,,,,,Asia,Japan,,,,,,Monocot,Zingiberales,Zingiber,Zingiber officinale,,,Other Zingiberales,,,,I,,unknown
MAFF_211472,PRJDB9507,,GCA_015698345.1,,,,2,6053933,3914553,yes,,,,,,,Asia,Japan,,,,,,Monocot,Zingiberales,Zingiber,Zingiber officinale,,,Other Zingiberales,,,,I,,unknown
MAFF_211479,PRJDB9507,,GCA_015698365.1,,,,2,5905604,3774488,yes,,,,,,,Asia,Japan,,,,,,Monocot,Zingiberales,Zingiber,Zingiber officinale,,,Other Zingiberales,,,,I,,unknown
MAFF_211491,PRJDB10588,,GCA_015098255.1,,,,2,5729370,3635021,yes,,,,,,,,,,,,,,Monocot,Zingiberales,Zingiber,Zingiber officinale,,,Other Zingiberales,,,,I,,unknown
MAFF_241647,PRJDB10588,,GCA_015098595.1,,,,2,5898583,3820899,yes,,,,,,,,,,,,,,Monocot,Zingiberales,Zingiber,Zingiber officinale,,,Other Zingiberales,,,,I,,unknown
MAFF_241648,PRJDB10588,,GCA_015098755.1,,,,2,5887878,3779928,yes,,,,,,,,,,,,,,Monocot,Zingiberales,Zingiber,Zingiber officinale,,,Other Zingiberales,,,,I,,unknown
MAFF_301560,PRJDB10588,,GCA_015098475.1,,,,2,5762965,3826386,yes,,,,,,,,,,,,,,Monocot,Zingiberales,Zingiber,Zingiber officinale,,,Other Zingiberales,,,,I,,unknown
MAFF_311693,PRJDB9507,,GCA_015698385.1,,,,3,5869920,3680093,yes,,,,,,,Asia,Japan,,,,,,Monocot,Zingiberales,Curcuma,Curcuma aromatica,,,Other Zingiberales,,,,I,,unknown
MAFF301552_UW651,PRJNA775652,,GCA_023075435.1,,,,60,5327338,282334,yes,,,,,,,Asia,Japan,,,,,,Eudicot,Solanales,Solanum,Solanum lycopersicum,,,Tomato,,,IV,IV,,match
MAFF301558_UW652,PRJNA775652,,GCA_023075455.1,,,,47,5491879,281954,yes,,,,,,,Asia,Japan,,,,,,Eudicot,Solanales,Solanum,Solanum tuberosum,,,Potato,,,IV,IV,,match
NAK_159,PRJNA663270,,GCA_015911395.1,,,,148,5260941,110330,yes,,,,,,,,,,,,,,Environmental,Environmental,Water,Surface water,,,Environmental: Water,,,II,IIB,,match
NAK_161,PRJNA663270,,GCA_015911355.1,,,,151,5267686,110327,yes,,,,,,,,,,,,,,Environmental,Environmental,Water,Surface water,,,Environmental: Water,,,II,IIB,,match
NAK_162,PRJNA663270,,GCA_015911305.1,,,,165,5260298,100081,yes,,,,,,,,,,,,,,Environmental,Environmental,Water,Surface water,,,Environmental: Water,,,,IIB,,unknown
NAK_163,PRJNA663270,,GCA_015911295.1,,,,148,5268675,110619,yes,,,,,,,,,,,,,,Environmental,Environmental,Water,Surface water,,,Environmental: Water,,,II,IIB,,match
NAK_164,PRJNA663270,,GCA_015911255.1,,,,148,5269170,110328,yes,,,,,,,,,,,,,,Environmental,Environmental,Water,Surface water,,,Environmental: Water,,,II,IIB,,match
NAK_166,PRJNA663270,,GCA_015911275.1,,,,145,5259901,110620,yes,,,,,,,,,,,,,,Environmental,Environmental,Water,Surface water,,,Environmental: Water,,,II,IIB,,match
NAK_170,PRJNA663270,,GCA_015911215.1,,,,153,5267432,110328,yes,,,,,,,,,,,,,,Environmental,Environmental,Water,Surface water,,,Environmental: Water,,,II,IIB,,match
NAK_180,PRJNA663270,,GCA_015911195.1,,,,148,5267739,110327,yes,,,,,,,,,,,,,,Environmental,Environmental,Water,Surface water,,,Environmental: Water,,,II,IIB,,match
NAK_198,PRJNA663270,,GCA_015911205.1,,,,158,5262270,110328,yes,,,,,,,,,,,,,,Environmental,Environmental,Water,Surface water,,,Environmental: Water,,,II,IIB,,match
NAK_199,PRJNA663270,,GCA_015911165.1,,,,146,5259705,110328,yes,,,,,,,,,,,,,,Environmental,Environmental,Water,Surface water,,,Environmental: Water,,,II,IIB,,match
NAK_201,PRJNA663270,,GCA_015911155.1,,,,144,5260539,110619,yes,,,,,,,,,,,,,,Environmental,Environmental,Water,Surface water,,,Environmental: Water,,,II,IIB,,match
NAK_202,PRJNA663270,,GCA_015911115.1,,,,149,5260180,110327,yes,,,,,,,,,,,,,,Environmental,Environmental,Water,Surface water,,,Environmental: Water,,,II,IIB,,match
NAK_204,PRJNA663270,,GCA_015911055.1,,,,145,5260361,110327,yes,,,,,,,,,,,,,,Environmental,Environmental,Water,Surface water,,,Environmental: Water,,,II,IIB,,match
NAK_210,PRJNA663270,,GCA_015911095.1,,,,148,5259127,101485,yes,,,,,,,,,,,,,,Environmental,Environmental,Water,Surface water,,,Environmental: Water,,,II,IIB,,match
NAK_213,PRJNA663270,,GCA_015911075.1,,,,154,5260679,101485,yes,,,,,,,,,,,,,,Environmental,Environmental,Water,Surface water,,,Environmental: Water,,,II,IIB,,match
NAK_214,PRJNA663270,,GCA_015911025.1,,,,147,5261352,110328,yes,,,,,,,,,,,,,,Environmental,Environmental,Water,Surface water,,,Environmental: Water,,,II,IIB,,match
NAK_215,PRJNA663270,,GCA_015911065.1,,,,146,5260072,110327,yes,,,,,,,,,,,,,,Environmental,Environmental,Water,Surface water,,,Environmental: Water,,,II,IIB,,match
NAK_216,PRJNA663270,,GCA_015911015.1,,,,151,5261330,110327,yes,,,,,,,,,,,,,,Environmental,Environmental,Water,Surface water,,,Environmental: Water,,,II,IIB,,match
NAK_7,PRJNA663270,,GCA_015910965.1,,,,253,5295523,101484,yes,,,,,,,,,,,,,,Eudicot,Solanales,Solanum,Solanum tuberosum,,,Potato,,,,IIB,,unknown
NCPPB_1579,PRJNA663270,,GCA_015912175.1,,,,299,5844740,87340,yes,,1961,,,,,,,,,,,,Monocot,Zingiberales,Zingiber,Zingiber officinale,,,Other Zingiberales,,,,I,,unknown
NCPPB_216,PRJNA663270,,GCA_015910735.1,,,,22,5430530,634172,yes,,,,,,,,,,,,,,,,,,,,,,,,III,,unknown
NCPPB_253,PRJNA663270,,GCA_015910695.1,,,,12,5798890,926983,yes,,,,,,,Africa,Mauritius,,,,,,Eudicot,Fagales,Casuarina,Casuarina equisetifolia,,,Other Rosids,,,,I,,unknown
NCPPB_3219,PRJNA663270,,GCA_015910645.1,,,,18,5462846,429060,yes,,1982,,,,,Asia,Indonesia,,,,,,Eudicot,Myrtales,Syzygium,Syzygium aromaticum,,,Other Rosids,,,,IV,,unknown
NCPPB_325,PRJNA663270,,GCA_015910705.1,,,,19,5652708,1360841,yes,,1982,,,,,North America,USA,,,,,,Eudicot,Solanales,Solanum,Solanum lycopersicum,,,Tomato,,,,IIA,,unknown
NCPPB_3445,PRJNA663270,,GCA_015910655.1,,,,16,4383940,702479,yes,,,,,,,,,,,,,,Eudicot,Myrtales,Syzygium,Syzygium aromaticum,,,Other Rosids,,,,IV,,unknown
NCPPB_3727,PRJNA663270,,GCA_015910595.1,,,,4,5191832,3114875,yes,,,,,,,,,,,,,,Monocot,Zingiberales,Musa,Musa spp.,,,Musa,,,,IV,,unknown
NCPPB_3985,PRJNA663270,,GCA_015910635.1,,,,12,5610548,908313,yes,,1997,,,,,South America,Peru,,,,,,Eudicot,Solanales,Solanum,Solanum melongena,,,Other Solanaceae,,,,IIB,,unknown
NCPPB_4029,PRJNA663270,,GCA_015910515.1,,,,20,6016317,1388835,yes,,1997,,,,,Asia,Sri Lanka,,,,,,Eudicot,Solanales,Solanum,Solanum tuberosum,,,Potato,,,,I,,unknown
NCPPB_790,PRJNA663270,,GCA_015912205.1,,,,475,5873660,193495,yes,,1985,,,,,North America,Costa Rica,,,,,,Eudicot,Solanales,Physalis,Physalis angulata,,,Other Solanaceae,,,,I,,unknown
NCPPB282_UW491,PRJNA775652,,GCA_023076005.1,,,,62,5595821,246972,yes,,1950,,,,,South America,Colombia,,,,,,Eudicot,Solanales,Solanum,Solanum tuberosum,,,Potato,,discrepancy in literature (various isolation dates),IIB,IIB and IV,two versions,discrepancy
NCPPB332_UW654,PRJNA775652,,GCA_023075415.1,,,,181,5478302,75972,yes,,1954,,,,,Africa,Zimbabwe,,,,,,Eudicot,Solanales,Solanum,Solanum tuberosum,,,Potato,,,III,III,,match
NCPPB3987_UW656,PRJNA775652,,GCA_023075395.1,,,,4,5613070,3360777,yes,,,,,,,South America,Brazil,,,,,,Eudicot,Solanales,Solanum,Solanum tuberosum,,,Potato,,,IIB,IIB,,match
O1059_UW442,PRJNA775652,,GCA_023076515.1,,,,142,5195593,87107,yes,,,,,,,Oceania,Australia,,,,,,Eudicot,Solanales,Solanum,Solanum tuberosum,,,Potato,,,IIB,IIB,,match
O12BS_UW407,PRJNA775652,,GCA_023076615.1,,,,135,5697540,131763,yes,,1965,,,,,Oceania,Australia,,,,,,Eudicot,Solanales,Solanum,Solanum tuberosum,,,Potato,,,I,I,,match
O15A_UW408,PRJNA775652,,GCA_023076575.1,,,,156,5246997,101423,yes,,1965,,,,,Oceania,Australia,,,,,,Eudicot,Solanales,Solanum,Solanum tuberosum,,,Potato,,,IIB,IIB,,match
O223A_UW420,PRJNA775652,,GCA_023076545.1,,,,135,5054040,99349,yes,,,,,,,Oceania,Australia,,,,,,Eudicot,Solanales,Solanum,Solanum tuberosum,,,Potato,,,IIB,IIB,,match
O249_UW425,PRJNA775652,,GCA_023076565.1,,,,164,5207581,96890,yes,,,,,,,Oceania,Australia,,,,,,Eudicot,Solanales,Solanum,Solanum tuberosum,,,Potato,,,IIB,IIB,,match
OE1-1,PRJDB4012,,GCA_001879565.1,,,,2,5762975,3826396,yes,,,,,,,Asia,Japan,,,,,,Eudicot,Solanales,Solanum,Solanum melongena,,,Other Solanaceae,,,I,I,,match
P380,PRJNA795281,,GCA_021462455.1,,,,162,5827948,153662,yes,,2020,,,,,Asia,China,,,,,,Eudicot,Solanales,Solanum,Solanum lycopersicum,,,Tomato,,,I,I,,match
P545,PRJNA826884,,GCA_023700725.1,,,,101,5457720,97963,yes,,1997,,,,,North America,USA,,,,,,Monocot,Alismatales,Epipremnum,Epipremnum spp.,,,Araceae,,,II,IIB,,match
P557,PRJNA826884,,GCA_023646585.1,,,,115,5523219,102154,yes,,1997,,,,,North America,USA,,,,,,Monocot,Alismatales,Anthurium,Anthurium spp.,,,Araceae,,,II,IIB,,match
P565,PRJNA826884,,GCA_023646575.1,,,,104,5521433,109802,yes,,1998,,,,,North America,USA,,,,,,Monocot,Alismatales,Epipremnum,Epipremnum spp.,,,Araceae,,,II,IIB,,match
P575,PRJNA826884,,GCA_023646555.1,,,,111,5549567,105821,yes,,1999,,,,,North America,USA,,,,,,Monocot,Alismatales,Epipremnum,Epipremnum spp.,,,Araceae,,,II,IIB,,match
P673,PRJNA826884,,GCA_023646435.1,,,,69,5549250,202595,yes,,2003,,,,,North America,USA,,,,,,Monocot,Alismatales,Epipremnum,Epipremnum spp.,,,Araceae,,,II,IIB,,match
P780,PRJNA826884,,GCA_023646535.1,,,,97,5512323,117479,yes,,2012,,,,,North America,USA,,,,,,Monocot,Alismatales,Epipremnum,Epipremnum spp.,,,Araceae,,,II,IIB,,match
P816,PRJNA359352,,GCA_003337165.1,,,,142,4487942,100560,yes,,2016,,,,,North America,USA,,,,,,Eudicot,Ericales,Vaccinium,Vaccinium corymbosum,,,Other Asterids,,,IIA,IIA,,match
P822,PRJNA432008,,GCA_003576005.1,,,,181,5374154,94590,yes,,2017,,,,,North America,USA,,,,,,Eudicot,Ericales,Vaccinium,Vaccinium sect. Cyanococcus,,,Other Asterids,,,II,IIA,,match
P824,PRJNA422804,,GCA_003576625.1,,,,2,6009303,398706,yes,,2017,,,,,North America,USA,,,,,,Eudicot,Ericales,Vaccinium,Vaccinium sect. Cyanococcus,,,Other Asterids,,,I,I,,match
P840,PRJNA826884,,GCA_023646495.1,,,,102,5518940,109946,yes,,2017,,,,,North America,USA,,,,,,Monocot,Alismatales,Epipremnum,Epipremnum spp.,,,Araceae,,,II,IIB,,match
PD_1254,PRJNA663270,,GCA_015912135.1,,,,161,5256689,93297,yes,,1988,,,,,Asia,India,,,,,,Eudicot,Solanales,Solanum,Solanum tuberosum,,,Potato,,,,IIB,,unknown
PD_134,PRJNA663270,,GCA_015910925.1,,,,185,5269456,101485,yes,,,,,,,,,,,,,,Eudicot,Solanales,Solanum,Solanum tuberosum,,,Potato,,,,IIB,,unknown
PD_141,PRJNA663270,,GCA_015910795.1,,,,186,5261242,93296,yes,,1981,,,,,,,,,,,,Eudicot,Solanales,Solanum,Solanum lycopersicum,,,Tomato,,,,IIB,,unknown
PD_1414,PRJNA663270,,GCA_015910875.1,,,,369,5781508,185874,yes,,,,,,,,,,,,,,Eudicot,Solanales,Solanum,Solanum tuberosum,,,Potato,,,,IIA,,unknown
PD_1445,PRJNA663270,,GCA_015912065.1,,,,108,5469549,129922,yes,,1959,,,,,North America,Panama,,,,,,Monocot,Zingiberales,Musa,Musa spp.,,,Musa,,,,IIB,,unknown
PD_1446,PRJNA663270,,GCA_015910885.1,,,,115,5481350,152655,yes,,,,,,,,,,,,,,Monocot,Zingiberales,Heliconia,Heliconia spp.,,,Other Zingiberales,,,,IIB,,unknown
PD_1447,PRJNA663270,,GCA_015910855.1,,,,137,5683519,97464,yes,,,,,,,,,,,,,,Monocot,Zingiberales,Musa,Musa spp.,,,Musa,,,,IIB,,unknown
PD_2762,PRJNA663270,,GCA_015910825.1,,,,267,5267502,101484,yes,,,,,,,,,,,,,,Eudicot,Solanales,Solanum,Solanum tuberosum,,,Potato,,,,IIB,,unknown
PD_2763,PRJNA663270,,GCA_015912235.1,,,,36,5263875,590406,yes,,1995,,,,,Europe,Netherlands,,,,,,Eudicot,Solanales,Solanum,Solanum tuberosum,,,Potato,,,,IIB,,unknown
PD_2940,PRJNA663270,,GCA_015912035.1,,,,149,5260747,110619,yes,,1996,,,,,Europe,Netherlands,,,,,,Eudicot,Solanales,Solanum,Solanum tuberosum,,,Potato,,,,IIB,,unknown
PD_2941,PRJNA663270,,GCA_015912005.1,,,,150,5259978,101484,yes,,1996,,,,,Europe,Netherlands,,,,,,Eudicot,Solanales,Solanum,Solanum tuberosum,,,Potato,,,,IIB,,unknown
PD_2942,PRJNA663270,,GCA_015911985.1,,,,146,5259998,101485,yes,,1996,,,,,Europe,Netherlands,,,,,,Eudicot,Solanales,Solanum,Solanum tuberosum,,,Potato,,,,IIB,,unknown
PD_3222,PRJNA663270,,GCA_015911585.1,,,,248,5636663,93458,yes,,1998,,,,,South America,Ecuador,,,,,,Monocot,Alismatales,Anthurium,Anthurium andraeanum,,,Araceae,,,,IIB,,unknown
PD_3269,PRJNA663270,,GCA_015911565.1,,,,166,5249753,84054,yes,,1997,,,,,Europe,Slovenia,,,,,,Eudicot,Solanales,Solanum,Solanum tuberosum,,,Potato,,,,IIB,,unknown
PD_3270,PRJNA663270,,GCA_015911515.1,,,,165,5634766,98452,yes,,1998,,,,,North America,Costa Rica,,,,,,Eudicot,Solanales,Solanum,Solanum tuberosum,,,Potato,,,,IIA,,unknown
PD_4124,PRJNA663270,,GCA_015911415.1,,,,145,5246553,93222,yes,,2001,,,,,Africa,Kenya,,,,,,Eudicot,Geraniales,Pelargonium,Pelargonium x hortorum,,,Other Rosids,,,,IIB,,unknown
PD_441,PRJNA663270,,GCA_015911785.1,,,,131,5127907,111884,yes,,1976,,,,,Europe,Sweden,,,,,,Eudicot,Solanales,Solanum,Solanum tuberosum,,,Potato,,,,IIB,,unknown
PD_445,PRJNA663270,,GCA_015910775.1,,,,150,5261782,110328,yes,,1989,,,,,Africa,Egypt,,,,,,Eudicot,Solanales,Solanum,Solanum tuberosum,,,Potato,,,,IIB,,unknown
PD_7123,PRJNA663270,,GCA_015911755.1,,,,11,5884479,937944,yes,,,,,,,,,,,,,,Eudicot,Rosales,Rosa,Rosa spp.,,,Other Rosids,,,,I,,unknown
Pe_1,PRJNA593908,,GCA_011420365.1,,,,5,5840003,3681758,yes,,2000,,,,,Asia,South Korea,,,,,,Eudicot,Solanales,Capsicum,Capsicum annuum,,,Other Solanaceae,,,I,I,,match
Pe_18,PRJNA593908,,GCA_012271525.1,,,,254,6029178,78643,yes,,2002,,,,,Asia,South Korea,,,,,,Eudicot,Solanales,Capsicum,Capsicum annuum,,,Other Solanaceae,,,I,I,,match
Pe_2,PRJNA593908,,GCA_012062585.1,,,,213,5600524,78593,yes,,2000,,,,,Asia,South Korea,,,,,,Eudicot,Solanales,Capsicum,Capsicum annuum,,,Other Solanaceae,,,I,I,,match
Pe_24,PRJNA593908,,GCA_012271545.1,,,,253,5917705,80654,yes,,2002,,,,,Asia,South Korea,,,,,,Eudicot,Solanales,Capsicum,Capsicum annuum,,,Other Solanaceae,,,I,I,,match
Pe_27,PRJNA593908,,GCA_012062505.1,,,,9,5853820,1654982,yes,,2003,,,,,Asia,South Korea,,,,,,Eudicot,Solanales,Capsicum,Capsicum annuum,,,Other Solanaceae,,,I,I,,match
Pe_3,PRJNA593908,,GCA_012062465.1,,,,3,5938020,3851698,yes,,2001,,,,,Asia,South Korea,,,,,,Eudicot,Solanales,Capsicum,Capsicum annuum,,,Other Solanaceae,,,I,I,,match
Pe_39,PRJNA593908,,GCA_012062495.1,,,,4,5919856,3808376,yes,,2005,,,,,Asia,South Korea,,,,,,Eudicot,Solanales,Capsicum,Capsicum annuum,,,Other Solanaceae,,,I,I,,match
Pe_51,PRJNA593908,,GCA_012271355.1,,,,229,5722228,78522,yes,,2005,,,,,Asia,South Korea,,,,,,Eudicot,Solanales,Capsicum,Capsicum annuum,,,Other Solanaceae,,,I,I,,match
Pe_52,PRJNA593908,,GCA_012271325.1,,,,240,5688143,75069,yes,,2005,,,,,Asia,South Korea,,,,,,Eudicot,Solanales,Capsicum,Capsicum annuum,,,Other Solanaceae,,,I,I,,match
Pe_56,PRJNA593908,,GCA_012271305.1,,,,225,5642649,78443,yes,,2005,,,,,Asia,South Korea,,,,,,Eudicot,Solanales,Capsicum,Capsicum annuum,,,Other Solanaceae,,,I,I,,match
Pe_57,PRJNA593908,,GCA_012062545.1,,,,2,5720795,3754354,yes,,2005,,,,,Asia,South Korea,,,,,,Eudicot,Solanales,Capsicum,Capsicum annuum,,,Other Solanaceae,,,I,I,,match
Pe_61,PRJNA593908,,GCA_012271315.1,,,,246,5719158,78443,yes,,2005,,,,,Asia,South Korea,,,,,,Eudicot,Solanales,Capsicum,Capsicum annuum,,,Other Solanaceae,,,I,I,,match
PeaFJ1,PRJNA695107,,GCA_023518395.1,,,,2,5808912,3800378,yes,,2014,,,,,Asia,China,,,,,,Eudicot,Fabales,Arachis,Arachis hypogaea,,,Other Rosids,,,II,I,,discrepancy
Pn33,PRJNA616449,,GCA_023130755.1,,,,114,5725755,100379,yes,,2017,,,,,Asia,China,,,,,,Eudicot,Fabales,Arachis,Arachis hypogaea,,,Other Rosids,,,I,I,,match
Po82,PRJNA66837,,GCA_000215325.1,,,,2,5430263,3481091,yes,,,,,,,North America,Mexico,,,,,,Eudicot,Solanales,Solanum,Solanum tuberosum,,,Potato,,,IIB,IIB,,match
POPS1_UW379,PRJNA775652,,GCA_023076705.1,,,,265,5842501,79538,yes,,,,,,,Asia,China,,,,,,Eudicot,Solanales,Solanum,Solanum tuberosum,,,Potato,,,I,I,,match
Pp26,PRJNA616449,,GCA_023130735.1,,,,146,5803733,112122,yes,,2018,,,,,Asia,China,,,,,,Eudicot,Solanales,Capsicum,Capsicum annuum,,,Other Solanaceae,,,I,I,,match
PSI07,PRJEA50683,,GCA_000283475.1,,,,2,5605618,3520618,yes,,2005,,,,,Asia,Indonesia,,,,,,Eudicot,Solanales,Solanum,Solanum lycopersicum,,,Tomato,,,IV,IV,,match
PSS1308,PRJNA347357,,GCA_001870805.1,,,,162,5679503,104659,yes,,,,,,,Asia,Taiwan,,,,,,Eudicot,Solanales,Solanum,Solanum tuberosum,,,Potato,,,I,I,,match
PSS216,PRJNA347357,,GCA_001876975.1,,,,224,5871302,77819,yes,,1996,,,,,Asia,Taiwan,,,,,,Eudicot,Solanales,Solanum,Solanum tuberosum,,,Potato,,,I,I,,match
PSS4,PRJNA347357,,GCA_001876985.1,,,,134,5609284,104334,yes,,1988,,,,,Asia,Taiwan,,,,,,Eudicot,Solanales,Solanum,Solanum tuberosum,,,Potato,,,I,I,,match
Pt01,PRJNA616449,,GCA_023130685.1,,,,188,5621911,93668,yes,,2016,,,,,Asia,China,,,,,,Eudicot,Solanales,Solanum,Solanum tuberosum,,,Potato,,,I,I,,match
RD15,PRJNA347357,,GCA_001854265.1,,,,139,5486248,96523,yes,,,,,,,Asia,Taiwan,,,,,,Eudicot,Solanales,Solanum,Solanum tuberosum,,,Potato,,,I,I,,match
RS,PRJNA594457,,GCA_018243235.1,,,,2,5613239,3618724,yes,,2018,,,,,Asia,China,,,,,,Eudicot,Solanales,Nicotiana,Nicotiana tabacum,,,Other Solanaceae,,,I,I,,match
RS_476,PRJNA388859,,GCA_003595305.1,,,,2,5810927,3716422,yes,,2011,,,,,South America,Brazil,,,,,,Eudicot,Solanales,Solanum,Solanum lycopersicum,,,Tomato,,,,I,,unknown
RS_488,PRJNA388430,,GCA_002501565.1,,,,2,5411685,3412138,yes,,2012,,,,,South America,Brazil,,,,,,Eudicot,Solanales,Solanum,Solanum lycopersicum,,,Tomato,,,,IIB,,unknown
RS_489,PRJNA388980,,GCA_002549815.1,,,,2,5411504,3411957,yes,,2012,,,,,South America,Brazil,,,,,,Eudicot,Solanales,Solanum,Solanum lycopersicum,,,Tomato,,,,IIA,,unknown
Rs-09-161,PRJNA217471,,GCA_000671335.1,,,,75,5757917,79465,yes,,2009,,,,,Asia,India,,,,,,Eudicot,Solanales,Solanum,Solanum melongena,,,Other Solanaceae,,,I,I,,match
RS-N,PRJNA838437,,GCA_024023015.1,,,,3,5828457,3726279,yes,,2016,,,,,Asia,China,,,,,,Eudicot,Solanales,Solanum,Solanum lycopersicum,,,Tomato,,,,I,,unknown
Rs-SY1,PRJNA733238,,GCA_018731965.1,,,,2,5708904,3653887,yes,,2014,,,,,Asia,China,,,,,,Eudicot,Solanales,Capsicum,Capsicum annuum,,,Other Solanaceae,,,I,I,,match
Rs-T02,PRJNA298373,,GCA_001484095.1,,,,169,5804239,93166,yes,,2010,,,,,Asia,China,,,,,,Eudicot,Solanales,Solanum,Solanum lycopersicum,,,Tomato,,,I,I,,match
RS10,PRJNA734794,,GCA_018861195.1,,,,2,5849528,3793201,yes,,2018,,,,,Asia,China,,,,,,Eudicot,Solanales,Nicotiana,Nicotiana tabacum,,,Other Solanaceae,,,I,I,,match
Rs124_UW586,PRJNA775652,,GCA_023075685.1,,,,232,5738224,96585,yes,,2004,,,,,North America,USA,,,,,,Eudicot,Cornales,Hydrangea,Hydrangea spp.,,,Other Asterids,,,IIA,IIA,,match
RS2,PRJEB8309,,GCA_001373295.1,,,,1,4788265,101387,yes,,,,,,,,,,,,,,,,,,,,,,,,IIB,,unknown
RS24,PRJNA627753,,GCA_018733955.1,,,,3,6104954,3908757,yes,,2018,,,,,Asia,China,,,,,,Eudicot,Solanales,Solanum,Solanum muricatum,,,Other Solanaceae,,,I,I,,match
Rs5,PRJNA591018,,GCA_014884745.1,,,,2,5430180,3592797,yes,,2004,,,,,North America,USA,,,,,,Eudicot,Solanales,Solanum,Solanum tuberosum,,,Potato,,,,IIA,,unknown
Rs540_UW751,PRJNA775652,,GCA_023075165.1,,,,186,5508785,91379,yes,,2019,,,,,South America,Brazil,,,,,,Eudicot,Solanales,Solanum,Solanum lycopersicum,,,Tomato,,,IIA,IIA,,match
Rs545_UW752,PRJNA775652,,GCA_023075175.1,,,,241,5815314,131974,yes,,2019,,,,,South America,Brazil,,,,,,Eudicot,Solanales,Solanum,Solanum lycopersicum,,,Tomato,,,IIA,IIA,,match
RS638,PRJNA769566,,GCA_026016625.1,,,,2,5901998,3840767,yes,,2020,,,,,Asia,China,,,,,,Eudicot,Asterales,Helianthus,Helianthus sp.,,,Other Asterids,,,,I,,unknown
RS639,PRJNA769567,,GCA_026016645.1,,,,2,5941034,3858011,yes,,2020,,,,,Asia,China,,,,,,Eudicot,Asterales,Helianthus,Helianthus sp.,,,Other Asterids,,,,I,,unknown
RSCM,PRJNA422474,,GCA_002894285.1,,,,2,6000712,3788542,yes,,2016,,,,,Asia,China,,,,,,Eudicot,Cucurbitales,Cucurbita,Cucurbita maxima,,,Cucurbits,,,I,I,,match
RsT01,PRJNA803068,,GCA_022095055.1,,,,104,5352175,143029,yes,,2018,,,,,South America,Colombia,,,,,,Eudicot,Solanales,Solanum,Solanum lycopersicum,,,Tomato,,,,IIB,,unknown
RUN0002,PRJNA826884,,GCA_023646475.1,,,,69,5549250,202595,yes,,2000,,,,,Caribbean,Martinique,,,,,,Monocot,Alismatales,Anthurium,Anthurium spp.,,,Araceae,,,II,IIB,,match
RUN0003,PRJNA826884,,GCA_023646515.1,,,,89,5548179,167031,yes,,1999,,,,,Caribbean,Martinique,,,,,,Monocot,Alismatales,Anthurium,Anthurium spp.,,,Araceae,,,II,IIB,,match
RUN2279,PRJNA591018,,GCA_014884705.1,,,,2,5746272,3835000,yes,,2013,,,,,Africa,Madagascar,,,,,,Eudicot,Solanales,Solanum,Solanum tuberosum,,,Potato,,,,III,,unknown
RUN2474,PRJNA591018,,GCA_014884685.1,,,,2,5654469,3712138,yes,,2013,,,,,Africa,Madagascar,,,,,,Eudicot,Solanales,Solanum,Solanum tuberosum,,,Potato,,,,III,,unknown
RUN58_UW646,PRJNA775652,,GCA_023075475.1,,,,85,5347203,178626,yes,,,,,,,Africa,Reunion,,,,,,Eudicot,Solanales,Solanum,Solanum tuberosum,,,Potato,,,IIA,IIA,,match
SD54,PRJNA202849,,GCA_000430925.2,,,,165,5647316,83046,yes,,2004,,,,,Asia,China,,,,,,Monocot,Zingiberales,Zingiber,Zingiber officinale,,,Other Zingiberales,,,I,I,,match
SEPPX05,PRJNA379485,,GCA_002162015.1,,,,2,5996934,3930849,yes,,2014,,,,,Asia,China,,,,,,Eudicot,Lamiales,Sesamum,Sesamum indicum,,,Other Asterids,,,I,I,,match
SFC,PRJNA430893,,GCA_003590625.2,,,,2,5713471,104519,yes,,2012,,,,,South America,Brazil,,,,,,Monocot,Zingiberales,Musa,Musa acuminata,,,Musa,,,II,IIA,,match
SL1931,PRJNA814415,,GCA_022625045.1,,,,4,5904965,3744397,yes,,1998,,,,,Asia,South Korea,,,,,,Eudicot,Solanales,Capsicum,Capsicum annuum,,,Other Solanaceae,,,I,I,,match
SL2064,PRJNA396777,,GCA_003515445.1,,,,2,5473607,3589215,yes,,1998,,,,,Asia,South Korea,,,,,,Eudicot,Solanales,Solanum,Solanum tuberosum,,,Potato,,,IV,IV,,match
SL2312,PRJNA396777,,GCA_003515425.1,,,,2,5521456,3532889,yes,,1998,,,,,Asia,South Korea,,,,,,Eudicot,Solanales,Solanum,Solanum tuberosum,,,Potato,,,IV,IV,,match
SL2330,PRJNA396777,,GCA_003515225.1,,,,2,5674600,3672745,yes,,1999,,,,,Asia,South Korea,,,,,,Eudicot,Solanales,Solanum,Solanum tuberosum,,,Potato,,,I,I,,match
SL2729,PRJNA396777,,GCA_003515405.1,,,,2,5703338,3714282,yes,,1999,,,,,Asia,South Korea,,,,,,Eudicot,Solanales,Solanum,Solanum tuberosum,,,Potato,,,I,I,,match
SL3022,PRJNA396777,,GCA_003515385.1,,,,2,5605251,3570269,yes,,1999,,,,,Asia,South Korea,,,,,,Eudicot,Solanales,Solanum,Solanum tuberosum,,,Potato,,,IV,IV,,match
SL3103,PRJNA396777,,GCA_003515205.1,,,,2,5618133,3483386,yes,,1999,,,,,Asia,South Korea,,,,,,Eudicot,Solanales,Solanum,Solanum tuberosum,,,Potato,,,I,I,,match
SL3175,PRJNA396777,,GCA_003515185.1,,,,2,5555993,3569709,yes,,1999,,,,,Asia,South Korea,,,,,,Eudicot,Solanales,Solanum,Solanum tuberosum,,,Potato,,,IV,IV,,match
SL3300,PRJNA396777,,GCA_003515625.1,,,,2,5903911,3870145,yes,,2000,,,,,Asia,South Korea,,,,,,Eudicot,Solanales,Solanum,Solanum tuberosum,,,Potato,,,I,I,,match
SL3730,PRJNA396777,,GCA_003515365.1,,,,2,5686064,3716376,yes,,2000,,,,,Asia,South Korea,,,,,,Eudicot,Solanales,Solanum,Solanum tuberosum,,,Potato,,,I,I,,match
SL3755,PRJNA396777,,GCA_003515345.1,,,,2,5792854,3786687,yes,,2000,,,,,Asia,South Korea,,,,,,Eudicot,Solanales,Solanum,Solanum tuberosum,,,Potato,,,I,I,,match
SL3822,PRJNA396777,,GCA_003515605.1,,,,2,5971831,3837023,yes,,2000,,,,,Asia,South Korea,,,,,,Eudicot,Solanales,Solanum,Solanum tuberosum,,,Potato,,,I,I,,match
SL3882,PRJNA396777,,GCA_003515585.1,,,,2,6025869,3942912,yes,,2001,,,,,Asia,South Korea,,,,,,Eudicot,Solanales,Solanum,Solanum tuberosum,,,Potato,,,I,I,,match
Sw698,PRJNA857834,,GCA_025859635.1,,,,2,5562184,3450728,yes,,1998,,,,,Asia,South Korea,,,,,,Eudicot,Solanales,Solanum,Solanum lycopersicum,,,Tomato,,,,I,,unknown
SY1,PRJNA714746,,GCA_018540425.1,,,,2,5879542,3702477,yes,,2020,,,,,Asia,China,,,,,,Eudicot,Lamiales,Pogostemon,Pogostemon cablin,,,Other Asterids,,,I,I,,match
T1-UY_UW688,PRJNA775652,,GCA_023075355.1,,,,148,5662033,138846,yes,,2004,,,,,South America,Uruguay,,,,,,Eudicot,Solanales,Solanum,Solanum lycopersicum,,,Tomato,,,IIA,IIA,,match
T101,PRJNA396777,,GCA_003515485.1,,,,2,5521368,3532837,yes,,2003,,,,,Asia,South Korea,,,,,,Eudicot,Solanales,Solanum,Solanum tuberosum,,,Potato,,,IV,IV,,match
T11,PRJNA396777,,GCA_003515165.1,,,,2,5450627,3566822,yes,,1999,,,,,Asia,South Korea,,,,,,Eudicot,Solanales,Solanum,Solanum tuberosum,,,Potato,,,IV,IV,,match
T110,PRJNA396777,,GCA_003515465.1,,,,2,5642243,3643902,yes,,2003,,,,,Asia,South Korea,,,,,,Eudicot,Solanales,Solanum,Solanum tuberosum,,,Potato,,,I,I,,match
T117,PRJNA396777,,GCA_003515245.1,,,,2,5807463,3745577,yes,,2001,,,,,Asia,South Korea,,,,,,Eudicot,Solanales,Solanum,Solanum tuberosum,,,Potato,,,I,I,,match
T12,PRJNA396777,,GCA_003515325.1,,,,2,5520985,3532612,yes,,2003,,,,,Asia,South Korea,,,,,,Eudicot,Solanales,Solanum,Solanum tuberosum,,,Potato,,,IV,IV,,match
T25,PRJNA396777,,GCA_003515305.1,,,,2,5715510,3713841,yes,,2003,,,,,Asia,South Korea,,,,,,Eudicot,Solanales,Solanum,Solanum tuberosum,,,Potato,,,I,I,,match
T25_UW811,PRJNA775652,,GCA_023074975.1,,,,206,5878784,77974,yes,,2018,,,,,Africa,Togo,,,,,,Eudicot,Solanales,Solanum,Solanum lycopersicum,,,Tomato,,,I,I,,match
T2C-Rasto,PRJNA748156,,GCA_019737115.1,,,,183,5628295,105684,yes,,2021,,,,,Asia,Viet Nam,,,,,,Eudicot,Cucurbitales,Cucumis,Cucumis sativus,,,Cucurbits,,,I,I,,match
T42,PRJNA396777,,GCA_003515565.1,,,,2,5497698,3716587,yes,,2003,,,,,Asia,South Korea,,,,,,Eudicot,Solanales,Solanum,Solanum tuberosum,,,Potato,,,I,I,,match
T51,PRJNA396777,,GCA_003515145.1,,,,2,5400849,3517093,yes,,2003,,,,,Asia,South Korea,,,,,,Eudicot,Solanales,Solanum,Solanum tuberosum,,,Potato,,,IV,IV,,match
T523,PRJNA396766,,GCA_003595325.1,,,,2,5722329,3652934,yes,,2008,,,,,Asia,Philippines,,,,,,Eudicot,Solanales,Solanum,Solanum lycopersicum,,,Tomato,,,I,I,,match
T60,PRJNA396777,,GCA_003515545.1,,,,2,6015554,3944067,yes,,2003,,,,,Asia,South Korea,,,,,,Eudicot,Solanales,Solanum,Solanum tuberosum,,,Potato,,,I,I,,match
T78,PRJNA396777,,GCA_003515285.1,,,,3,6147432,3955538,yes,,2001,,,,,Asia,South Korea,,,,,,Eudicot,Solanales,Solanum,Solanum tuberosum,,,Potato,,,I,I,,match
T82,PRJNA396777,,GCA_003515525.1,,,,2,5521457,3532888,yes,,2003,,,,,Asia,South Korea,,,,,,Eudicot,Solanales,Solanum,Solanum tuberosum,,,Potato,,,IV,IV,,match
T95,PRJNA396777,,GCA_003515505.1,,,,2,5474514,3590102,yes,,2003,,,,,Asia,South Korea,,,,,,Eudicot,Solanales,Solanum,Solanum tuberosum,,,Potato,,,IV,IV,,match
T98,PRJNA396777,,GCA_003515265.1,,,,2,5555978,3569696,yes,,2003,,,,,Asia,South Korea,,,,,,Eudicot,Solanales,Solanum,Solanum tuberosum,,,Potato,,,IV,IV,,match
Tb04,PRJNA616449,,GCA_023130705.1,,,,93,5896040,138083,yes,,2015,,,,,Asia,China,,,,,,Eudicot,Solanales,Nicotiana,Nicotiana tabacum,,,Other Solanaceae,,,I,I,,match
Tb18,PRJNA616449,,GCA_023130655.1,,,,72,5942602,131590,yes,,2016,,,,,Asia,China,,,,,,Eudicot,Solanales,Nicotiana,Nicotiana tabacum,,,Other Solanaceae,,,I,I,,match
Tg03,PRJNA476035,,GCA_003725665.1,,,,181,5927306,102533,yes,,2017,,,,,Asia,China,,,,,,Eudicot,Cucurbitales,Luffa,Luffa aegyptiaca,,,Cucurbits,,,I,I,,match
UA-1579,PRJNA503606,,GCA_003860725.1,,,,1,5081426,5081326,yes,,2014,,,,,South America,Colombia,,,,,,Monocot,Zingiberales,Musa,Musa acuminata,,,Musa,,,IIB,IIB,,match
UA-1591,PRJNA503606,,GCA_003860705.1,,,,1,5351985,5351885,yes,,2014,,,,,South America,Colombia,,,,,,Monocot,Zingiberales,Musa,Musa x paradisiaca,,,Musa,,,IIB,IIB,,match
UA-1609,PRJNA503606,,GCA_003860765.1,,,,1,5068052,5067952,yes,,2014,,,,,South America,Colombia,,,,,,Monocot,Zingiberales,Musa,Musa spp.,,,Musa,,,IIB,IIB,,match
UA-1611,PRJNA503606,,GCA_003860685.1,,,,1,5195693,5195593,yes,,2014,,,,,South America,Colombia,,,,,,Monocot,Zingiberales,Musa,Musa spp.,,,Musa,,,IIA,IIA,,match
UA-1612,PRJNA503606,,GCA_003860665.1,,,,1,5003359,5003259,yes,,2014,,,,,South America,Colombia,,,,,,Monocot,Zingiberales,Musa,Musa spp.,,,Musa,,,IIA,IIA,,match
UA-1617,PRJNA503606,,GCA_003860745.1,,,,1,5362479,5362379,yes,,2014,,,,,South America,Colombia,,,,,,Monocot,Zingiberales,Musa,Musa x paradisiaca,,,Musa,,,IIB,IIB,,match
UGMSS_Db01,PRJNA580360,,GCA_016743075.1,,,,2,5185188,3570277,yes,,2019,,,,,Asia,Indonesia,,,,,,Monocot,Zingiberales,Musa,Musa balbisiana,,,Musa,,,,IV,,unknown
UQRS280_UW738,PRJNA775652,,GCA_023075235.1,,,,85,5597219,177029,yes,,,,,,,Asia,Indonesia,,,,,,Eudicot,Solanales,Solanum,Solanum lycopersicum,,,Tomato,,,IV,IV,,match
UQRS637_UW745,PRJNA775652,,GCA_023075155.1,,,,210,5666501,78026,yes,,,,,,,Asia,Indonesia,,,,,,Monocot,Zingiberales,Musa,Musa spp.,,,Musa,,,I,I,,match
UW120,PRJNA775652,,GCA_023077635.1,,,,152,5220785,93055,yes,,1961,,,,,North America,Costa Rica,,,,,,Eudicot,Solanales,Solanum,Solanum tuberosum,,,Potato,,,IIB,IIB,,match
UW128,PRJNA826884,,GCA_023646455.1,,,,83,5494760,147303,yes,,1962,,,,,South America,Peru,,,,,,Monocot,Zingiberales,Musa,Musa acuminata x balbisiana AAB,Plantain,,Musa,,,II,IIB,,match
UW132,PRJNA834840,,GCA_028464965.1,,,,83,5481571,144488,yes,,1962,,,,,South America,Peru,,,,,,Monocot,Zingiberales,Musa,Musa x paradisiaca,,,Musa,,,,IIB,,unknown
UW134,PRJNA775652,,GCA_023077615.1,,,,3,5694350,3821275,yes,,1955,,,,,Africa,Kenya,,,,,,Eudicot,Solanales,Solanum,Solanum tuberosum,,,Potato,,,IIA,IIA,,match
UW145,PRJNA775652,,GCA_023077585.1,,,,102,5434363,126604,yes,,1961,,,,,Oceania,Australia,,,,,,Eudicot,Solanales,Solanum,Solanum tuberosum,,,Potato,,,IIB,IIB,,match
UW156,PRJNA775652,,GCA_023077575.1,,,,5,5659397,3514334,yes,,1962,,,,,South America,Peru,,,,,,Monocot,Zingiberales,Musa,Musa acuminata x balbisiana AAB,Plantain,,Musa,,,IIB,IIB,,match
UW158,PRJNA834840,,GCA_028464865.1,,,,87,5457915,140298,yes,,1962,,,,,South America,Peru,,,,,,Monocot,Zingiberales,Musa,Musa acuminata,,,Musa,,,,IIB,,unknown
UW160,PRJNA775652,,GCA_023077535.1,,,,11,5801076,1968925,yes,,1962,,,,,South America,Peru,,,,,,Monocot,Zingiberales,Musa,Musa acuminata x balbisiana AAB,Plantain,,Musa,,,IIB,IIB,,match
UW161,PRJNA775652,,GCA_023077515.1,,,,4,5665630,3191912,yes,,,,,,,South America,Peru,,,,,,Monocot,Zingiberales,Musa,Musa acuminata x balbisiana AAB,Plantain,,Musa,,,IIB,IIB,,match
UW162,PRJNA775652,,GCA_023077495.1,,,,10,5727425,1961361,yes,,1963,,,,,South America,Peru,,,,,,Monocot,Zingiberales,Musa,Musa acuminata x balbisiana AAB,Plantain,,Musa,,,IIB,IIB,,match
UW163,PRJNA297400,,GCA_001587135.1,,,,4,5596238,3509932,yes,,1967,,,,,South America,Peru,,,,,,Monocot,Zingiberales,Musa,Musa acuminata x balbisiana AAB,Plantain,,Musa,,,IIB,IIB,,match
UW170,PRJNA826884,,GCA_023646415.1,,,,40,5412403,244099,yes,,1961,,,,,South America,Colombia,,,,,,Monocot,Zingiberales,Heliconia,Heliconia spp.,,,Other Zingiberales,,,II,IIB,,match
UW171,PRJNA834840,,GCA_028464815.1,,,,51,5268082,183394,yes,,1961,,,,,South America,Colombia,,,,,,Monocot,Zingiberales,Heliconia,Heliconia spp.,,,Other Zingiberales,,,,IIB,,unknown
UW172,PRJNA834840,,GCA_028464835.1,,,,56,5388829,186452,yes,,1961,,,,,South America,Colombia,,,,,,Monocot,Zingiberales,Heliconia,Heliconia spp.,,,Other Zingiberales,,,,IIB,,unknown
UW174,PRJNA834840,,GCA_028464785.1,,,,53,5385000,183394,yes,,1961,,,,,South America,Colombia,,,,,,Monocot,Zingiberales,Heliconia,Heliconia spp.,,,Other Zingiberales,,,,IIB,,unknown
UW175,PRJNA775652,,GCA_023077475.1,,,,109,5365552,124369,yes,,1961,,,,,South America,Colombia,,,,,,Monocot,Zingiberales,Musa,Musa acuminata x balbisiana AAB,Plantain,,Musa,,,IIB,IIB,,match
UW176,PRJNA834840,,GCA_028464775.1,,,,89,5365472,138675,yes,,1961,,,,,South America,Colombia,,,,,,Monocot,Zingiberales,Musa,Musa x paradisiaca,,,Musa,,,,IIB,,unknown
UW177,PRJNA834840,,GCA_028464765.1,,,,81,5366744,170557,yes,,1961,,,,,South America,Colombia,,,,,,Monocot,Zingiberales,Musa,Musa x paradisiaca,,,Musa,,,,IIB,,unknown
UW187,PRJNA775652,,GCA_023077435.1,,,,182,5426668,86932,yes,,1963,,,,,North America,USA,,,,,,Eudicot,Solanales,Solanum,Solanum lycopersicum,,,Tomato,,,IIA,IIA,,match
UW190,PRJNA834840,,GCA_028464665.1,,,,93,5492905,144569,yes,,1964,,,,,South America,Peru,,,,,,Monocot,Zingiberales,Musa,Musa x paradisiaca,,,Musa,,,,IIB,,unknown
UW192,PRJNA834840,,GCA_028464745.1,,,,99,5471960,139800,yes,,1964,,,,,South America,Peru,,,,,,Monocot,Zingiberales,Musa,Musa x paradisiaca,,,Musa,,,,IIB,,unknown
UW193,PRJNA775652,,GCA_023077445.1,,,,4,5940143,3824570,yes,,,,,,,South America,Peru,,,,,,Eudicot,Solanales,Solanum,Solanum lycopersicum,,,Tomato,,,I,I,,match
UW210,PRJNA775652,,GCA_023077375.1,,,,195,5465044,80236,yes,,1965,,,,,North America,USA,,,,,,Eudicot,Solanales,Nicotiana,Nicotiana tabacum,,,Other Solanaceae,,,IIA,IIA,,match
UW220a,PRJNA775652,,GCA_023077415.1,,,,148,5205065,79331,yes,,,,,,,Asia,India,,,,,,Eudicot,Solanales,Solanum,Solanum tuberosum,,,Potato,,,IIB,IIB,,match
UW220c,PRJNA775652,,GCA_023077335.1,,,,163,5212396,87358,yes,,,,,,,Asia,India,,,,,,Eudicot,Solanales,Solanum,Solanum tuberosum,,,Potato,,,IIB,IIB,,match
UW220e,PRJNA775652,,GCA_023077315.1,,,,139,5205509,101424,yes,,1967,,,,,Asia,India,,,,,,Eudicot,Solanales,Solanum,Solanum tuberosum,,,Potato,,,IIB,IIB,,match
UW225,PRJNA775652,,GCA_023077255.1,,,,157,5048636,93140,yes,,,,,,,,,,,,,,,,,,,,,,,IIB,IIB,,match
UW229,PRJNA775652,,GCA_023077275.1,,,,2,5516225,3314965,yes,,1968,,,,,South America,Brazil,,,,,,Eudicot,Solanales,Solanum,Solanum tuberosum,,,Potato,,,IIA,IIA,,match
UW24,PRJNA257008,,GCA_001696855.1,,,,124,5183779,120384,yes,,1951,,,,,Asia,Israel,,,,,,Eudicot,Solanales,Solanum,Solanum tuberosum,,,Potato,,,IIB,IIB,,match
UW251,PRJNA775652,,GCA_021117135.1,,,,2,5572607,3362592,yes,,1972,,,,,South America,Colombia,,,,,,Eudicot,Solanales,Nicotiana,Nicotiana tabacum,,,Other Solanaceae,,,IIA,IIA,,match
UW256,PRJNA775652,,GCA_023077175.1,,,,125,5615364,128915,yes,,,,,,,North America,Costa Rica,,,,,,Eudicot,Solanales,Solanum,Solanum tuberosum,,,Potato,,,IIA,IIA,,match
UW257,PRJNA775652,,GCA_023077155.1,,,,145,5216598,93767,yes,,,,,,,North America,Costa Rica,,,,,,Eudicot,Solanales,Solanum,Solanum tuberosum,,,Potato,,,IIB,IIB,,match
UW258,PRJNA775652,,GCA_023077135.1,,,,6,5735820,3541046,yes,,1971,,,,,North America,Costa Rica,,,,,,Eudicot,Solanales,Solanum,Solanum tuberosum,,,Potato,,phylotype vs. geography discrepancy,IV,IV,,match
UW260,PRJNA775652,,GCA_023077215.1,,,,4,5406405,3086127,yes,,1973,,,,,South America,Peru,,,,,,Eudicot,Solanales,Solanum,Solanum tuberosum,,,Potato,,,IIB,IIB,,match
UW261,PRJNA775652,,GCA_023077115.1,,,,62,5440997,213306,yes,,1974,,,,,South America,Peru,,,,,,Eudicot,Solanales,Solanum,Solanum tuberosum,,,Potato,,,IIA,IIA,,match
UW262,PRJNA775652,,GCA_023077095.1,,,,4,5350227,3402393,yes,,1973,,,,,South America,Peru,,,,,,Eudicot,Solanales,Solanum,Solanum tuberosum,,,Potato,,,IIB,IIB,,match
UW263,PRJNA775652,,GCA_023077075.1,,,,3,5684757,3542825,yes,,1975,,,,,South America,Peru,,,,,,Eudicot,Solanales,Solanum,Solanum tuberosum,,,Potato,,,IIA,IIA,,match
UW272,PRJNA775652,,GCA_023077055.1,,,,115,5713290,173821,yes,,1973,,,,,North America,Costa Rica,,,,,,Eudicot,Solanales,Solanum,Solanum tuberosum,,,Potato,,,IIA,IIA,,match
UW273,PRJNA775652,,GCA_023077035.1,,,,4,5548320,3330289,yes,,,,,,,North America,Costa Rica,,,,,,Eudicot,Solanales,Solanum,Solanum tuberosum,,,Potato,,,IIA,IIA,,match
UW276,PRJNA775652,,GCA_023077005.1,,,,157,5242530,101425,yes,,1977,,,,,North America,Mexico,,,,,,Eudicot,Solanales,Solanum,Solanum tuberosum,,,Potato,,,IIB,IIB,,match
UW28,PRJNA775652,,GCA_023076945.1,,,,5,5931176,3392633,yes,,1951,,,,,Asia,Cyprus,,,,,,Eudicot,Solanales,Solanum,Solanum tuberosum,,,Potato,,,IIB,IIB,,match
UW296,PRJNA775652,,GCA_023076985.1,,,,194,5708261,86249,yes,,1977,,,,,Asia,Sri Lanka,,,,,,Eudicot,Solanales,Solanum,Solanum tuberosum,,,Potato,,,I,I,,match
UW299,PRJNA775652,,GCA_023076895.1,,,,4,5912574,5300233,yes,,1976,,,,,South America,Brazil,,,,,,Eudicot,Solanales,Solanum,Solanum lycopersicum,,,Tomato,,,I,I,,match
UW330,PRJNA775652,,GCA_023076905.1,,,,149,4977702,95605,yes,,1980,,,,,South America,Guyana,,,,,,Monocot,Zingiberales,Musa,Musa spp.,,,Musa,,,IIA,IIA,,match
UW365,PRJNA257008,,GCA_001696865.1,,,,136,5264519,101497,yes,,1980,,,,,Asia,China,,,,,,Eudicot,Solanales,Solanum,Solanum tuberosum,,,Potato,,,IIB,IIB,,match
UW37,PRJNA775652,,GCA_023076655.1,,,,5,5419386,3426290,yes,,1956,,,,,South America,Colombia,,,,,,Eudicot,Solanales,Solanum,Solanum tuberosum,,,Potato,,,IIB,IIB,,match
UW386,PRJNA531204,,GCA_006088755.1,,,,2,5488379,3658282,yes,,1979,,,,,Africa,Nigeria,,,,,,Eudicot,Solanales,Solanum,Solanum nigrum,,,Other Solanaceae,,,III,III,,match
UW393,PRJNA775652,,GCA_023076675.1,,,,162,5760942,92162,yes,,1986,,,,,Africa,South Africa,,,,,,Eudicot,Solanales,Solanum,Solanum tuberosum,,,Potato,,,I,I,,match
UW491,PRJNA257008,,GCA_001696845.1,,,,118,5242931,136661,yes,,1950,,,,,South America,Colombia,,,,,,Eudicot,Solanales,Solanum,Solanum tuberosum,,,Potato,,,IIB,IIB,,match
UW551,PRJNA381968,,GCA_002251655.1,,,,2,5478976,3471163,yes,,2002,,,,,Africa,Kenya,,,,,,Eudicot,Geraniales,Geranium,Geranium spp.,,,Other Rosids,,,II,IIB,,match
UW552,PRJNA775652,,GCA_023075785.1,,,,156,5130561,95575,yes,,2004,,,,,North America,Guatemala,,,,,,Eudicot,Geraniales,Geranium,Geranium spp.,,,Other Rosids,,,IIB,IIB,,match
UW557,PRJNA775652,,GCA_023075815.1,,,,158,5233551,81493,yes,,2000,,,,,North America,Guatemala,,,,,,Eudicot,Solanales,Solanum,Solanum tuberosum,,,Potato,,,IIB,IIB,,match
UW560,PRJNA775652,,GCA_023075775.1,,,,143,5127014,95827,yes,,2000,,,,,North America,Guatemala,,,,,,Eudicot,Solanales,Solanum,Solanum tuberosum,,,Potato,,,IIB,IIB,,match
UW573,PRJNA775652,,GCA_023075715.1,,,,154,5177855,101424,yes,,2000,,,,,North America,Guatemala,,,,,,Eudicot,Solanales,Solanum,Solanum tuberosum,,,Potato,,,IIB,IIB,,match
UW599,PRJNA775652,,GCA_023075655.1,,,,131,5007920,99330,yes,,2001,,,,,North America,Guatemala,,,,,,Eudicot,Solanales,Solanum,Solanum tuberosum,,,Potato,,,IIB,IIB,,match
UW600,PRJNA775652,,GCA_023075635.1,,,,147,5232469,100262,yes,,2001,,,,,North America,Guatemala,,,,,,Eudicot,Solanales,Solanum,Solanum tuberosum,,,Potato,,,IIB,IIB,,match
UW604,PRJNA775652,,GCA_023075615.1,,,,155,5768221,108225,yes,,2001,,,,,North America,Guatemala,,,,,,Eudicot,Solanales,Solanum,Solanum lycopersicum,,,Tomato,,,I,I,,match
UW611,PRJNA775652,,GCA_023075705.1,,,,168,5251775,93274,yes,,2001,,,,,North America,Guatemala,,,,,,Eudicot,Solanales,Solanum,Solanum lycopersicum,,,Tomato,,,IIB,IIB,,match
UW613,PRJNA775652,,GCA_023075595.1,,,,173,5606190,93805,yes,,2001,,,,,North America,Guatemala,,,,,,Eudicot,Solanales,Solanum,Solanum lycopersicum,,,Tomato,,,I,I,,match
UW700,PRJNA381968,,GCA_002251605.3,,,,11,5487557,1697113,yes,,2010,,,,,North America,USA,,,,,,Eudicot,Solanales,Solanum,Solanum lycopersicum,,,Tomato,,,II,IIA,,match
UW71,PRJNA775652,,GCA_023075305.1,,,,4,5527626,4118718,yes,,1961,,,,,South America,Colombia,,,,,,Eudicot,Solanales,Solanum,Solanum tuberosum,,,Potato,,,IIB,IIB,,match
UW72,PRJNA775652,,GCA_021117095.1,,,,2,5331181,3343222,yes,,1961,,,,,Europe,Greece,,,,,,Eudicot,Solanales,Solanum,Solanum tuberosum,,,Potato,,,IIB,IIB,,match
UW73,PRJNA775652,,GCA_023075275.1,,,,3,5756203,3588558,yes,,,,,,,Asia,Sri Lanka,,,,,,Eudicot,Solanales,Solanum,Solanum tuberosum,,,Potato,,,IIB,IIB,,match
UW757,PRJNA286126,,GCA_001645725.1,,,,222,5736925,106586,yes,,2014,,,,,North America,Guatemala,,,,,,Eudicot,Asterales,Osteospermum,Osteospermum sp.,,,Other Asterids,,,I,I,,match
UW763,PRJNA591018,,GCA_014884725.1,,,,2,5783389,3762104,yes,,2017,,,,,Africa,Senegal,,,,,,Eudicot,Solanales,Solanum,Solanum tuberosum,,,Potato,,,,I,,unknown
UW80,PRJNA775652,,GCA_023075045.1,,,,6,5585409,1756155,yes,,1958,,,,,South America,Colombia,,,,,,Eudicot,Solanales,Solanum,Solanum tuberosum,,,Potato,,,IIB,IIB,,match
UW81,PRJNA775652,,GCA_023075015.1,,,,4,5861243,3780660,yes,,1961,,,,,South America,Colombia,,,,,,Eudicot,Solanales,Solanum,Solanum tuberosum,,,Potato,,,I,I,,match
UW82,PRJNA775652,,GCA_023074955.1,,,,4,5508877,3513560,yes,,1961,,,,,South America,Colombia,,,,,,Eudicot,Solanales,Solanum,Solanum tuberosum,,,Potato,,,IIB,IIB,,match
UW848,PRJNA637338,,GCA_013359535.1,,,,160,5259852,101099,yes,,2020,,,,,North America,USA,,,,,,Eudicot,Geraniales,Geranium,Geranium spp.,,,Other Rosids,,,IIB,IIB,,match
UW88,PRJNA775652,,GCA_023074875.1,,,,6,5699233,3512212,yes,,1964,,,,,South America,Brazil,,,,,,Eudicot,Solanales,Solanum,Solanum lycopersicum,,,Tomato,,,IIA,IIA,,match
UY031,PRJNA278086,,GCA_001299555.1,,,,2,5411683,3412138,yes,,2014,,,,,South America,Uruguay,,,,,,Eudicot,Solanales,Solanum,Solanum commersonii,,,Other Solanaceae,,,IIB,IIB,,match
Wj644,PRJNA863051,,GCA_025884395.1,,,,2,6095982,3956560,yes,,2015,,,,,Asia,South Korea,,,,,,Eudicot,Solanales,Solanum,Solanum lycopersicum,,,Tomato,,,,I,,unknown
WR-1,PRJNA863051,,GCA_025884495.1,,,,2,5859406,3893306,yes,,2019,,,,,Asia,South Korea,,,,,,Eudicot,Solanales,Solanum,Solanum lycopersicum,,,Tomato,,,,I,,unknown
YC40-M,PRJNA314427,,GCA_001663415.1,,,,2,5752130,3844764,yes,,2006,,,,,Asia,China,,,,,,Monocot,Zingiberales,Kaempferia,Rhizoma kaempferiae,,,Environmental: Soil,,,I,I,,match
YC45,PRJNA286156,,GCA_001267515.1,,,,2,5732909,3724487,yes,,2006,,,,,Asia,China,,,,,,Monocot,Zingiberales,Zingiber,Zingiber officinale,,,Other Zingiberales,,,I,I,,match
YQ,PRJNA648113,,GCA_014041975.1,,,,2,5822685,3782949,yes,,2014,,,,,Asia,China,,,,,,Eudicot,Fagales,Casuarina,Casuarina equisetifolia,,,Other Rosids,,,,I,,unknown